[0.000000] (-) TimerEvent: {}
[0.000191] (rosbot_interfaces) JobQueued: {'identifier': 'rosbot_interfaces', 'dependencies': OrderedDict()}
[0.000281] (waypoint_publisher_package) JobQueued: {'identifier': 'waypoint_publisher_package', 'dependencies': OrderedDict()}
[0.000320] (nav2_read_rssi_at_waypoint) JobQueued: {'identifier': 'nav2_read_rssi_at_waypoint', 'dependencies': OrderedDict({'rosbot_interfaces': '/root/ros2_RSSI_Heatmap/install/rosbot_interfaces'})}
[0.000444] (rssi_heatmap_generator_package) JobQueued: {'identifier': 'rssi_heatmap_generator_package', 'dependencies': OrderedDict({'rosbot_interfaces': '/root/ros2_RSSI_Heatmap/install/rosbot_interfaces'})}
[0.000498] (mappers_bringup) JobQueued: {'identifier': 'mappers_bringup', 'dependencies': OrderedDict({'rosbot_interfaces': '/root/ros2_RSSI_Heatmap/install/rosbot_interfaces', 'waypoint_publisher_package': '/root/ros2_RSSI_Heatmap/install/waypoint_publisher_package', 'nav2_read_rssi_at_waypoint': '/root/ros2_RSSI_Heatmap/install/nav2_read_rssi_at_waypoint', 'rssi_heatmap_generator_package': '/root/ros2_RSSI_Heatmap/install/rssi_heatmap_generator_package'})}
[0.000577] (rosbot_interfaces) JobStarted: {'identifier': 'rosbot_interfaces'}
[0.026296] (waypoint_publisher_package) JobStarted: {'identifier': 'waypoint_publisher_package'}
[0.031927] (rosbot_interfaces) JobProgress: {'identifier': 'rosbot_interfaces', 'progress': 'cmake'}
[0.032226] (rosbot_interfaces) Command: {'cmd': ['/usr/bin/cmake', '/root/ros2_RSSI_Heatmap/src/rosbot_interfaces', '-DCMAKE_INSTALL_PREFIX=/root/ros2_RSSI_Heatmap/install/rosbot_interfaces'], 'cwd': '/root/ros2_RSSI_Heatmap/build/rosbot_interfaces', 'env': OrderedDict({'TMUX': '/tmp/tmux-0/default,1712,0', 'GZ_SIM_RESOURCE_PATH': '/opt/ros/jazzy/share', 'GZ_CONFIG_PATH': '/opt/ros/jazzy/opt/gz_sim_vendor/share/gz:/opt/ros/jazzy/opt/sdformat_vendor/share/gz:/opt/ros/jazzy/opt/gz_gui_vendor/share/gz:/opt/ros/jazzy/opt/gz_transport_vendor/share/gz:/opt/ros/jazzy/opt/gz_rendering_vendor/share/gz:/opt/ros/jazzy/opt/gz_plugin_vendor/share/gz:/opt/ros/jazzy/opt/gz_fuel_tools_vendor/share/gz:/opt/ros/jazzy/opt/gz_msgs_vendor/share/gz:/opt/ros/jazzy/opt/gz_common_vendor/share/gz', 'HOSTNAME': 'denver', 'SHLVL': '2', 'LD_LIBRARY_PATH': '/opt/ros/jazzy/opt/gz_sim_vendor/lib:/opt/ros/jazzy/opt/gz_sensors_vendor/lib:/opt/ros/jazzy/opt/gz_physics_vendor/lib:/opt/ros/jazzy/opt/sdformat_vendor/lib:/opt/ros/jazzy/opt/rviz_ogre_vendor/lib:/opt/ros/jazzy/lib/x86_64-linux-gnu:/opt/ros/jazzy/opt/gz_gui_vendor/lib:/opt/ros/jazzy/opt/gz_transport_vendor/lib:/opt/ros/jazzy/opt/gz_rendering_vendor/lib:/opt/ros/jazzy/opt/gz_plugin_vendor/lib:/opt/ros/jazzy/opt/gz_fuel_tools_vendor/lib:/opt/ros/jazzy/opt/gz_msgs_vendor/lib:/opt/ros/jazzy/opt/gz_common_vendor/lib:/opt/ros/jazzy/opt/gz_math_vendor/lib:/opt/ros/jazzy/opt/gz_utils_vendor/lib:/opt/ros/jazzy/opt/gz_tools_vendor/lib:/opt/ros/jazzy/opt/gz_ogre_next_vendor/lib:/opt/ros/jazzy/opt/gz_dartsim_vendor/lib:/opt/ros/jazzy/opt/gz_cmake_vendor/lib:/opt/ros/jazzy/lib', 'HOME': '/root', 'OLDPWD': '/root', 'TERM_PROGRAM_VERSION': '3.4', 'ROS_PYTHON_VERSION': '3', 'COLCON_PREFIX_PATH': '/root/turtlebot3_ws/install', 'ROS_DISTRO': 'jazzy', '_': '/usr/bin/colcon', 'ROS_VERSION': '2', 'TERM': 'screen-256color', 'PATH': '/opt/ros/jazzy/opt/gz_msgs_vendor/bin:/opt/ros/jazzy/opt/gz_tools_vendor/bin:/opt/ros/jazzy/opt/gz_ogre_next_vendor/bin:/opt/ros/jazzy/bin:/usr/local/sbin:/usr/local/bin:/usr/sbin:/usr/bin:/sbin:/bin', 'GZ_PARTITION': 'signalscout_container', 'DISPLAY': ':1', 'LANG': 'C.UTF-8', 'LS_COLORS': 'rs=0:di=01;34:ln=01;36:mh=00:pi=40;33:so=01;35:do=01;35:bd=40;33;01:cd=40;33;01:or=40;31;01:mi=00:su=37;41:sg=30;43:ca=00:tw=30;42:ow=34;42:st=37;44:ex=01;32:*.tar=01;31:*.tgz=01;31:*.arc=01;31:*.arj=01;31:*.taz=01;31:*.lha=01;31:*.lz4=01;31:*.lzh=01;31:*.lzma=01;31:*.tlz=01;31:*.txz=01;31:*.tzo=01;31:*.t7z=01;31:*.zip=01;31:*.z=01;31:*.dz=01;31:*.gz=01;31:*.lrz=01;31:*.lz=01;31:*.lzo=01;31:*.xz=01;31:*.zst=01;31:*.tzst=01;31:*.bz2=01;31:*.bz=01;31:*.tbz=01;31:*.tbz2=01;31:*.tz=01;31:*.deb=01;31:*.rpm=01;31:*.jar=01;31:*.war=01;31:*.ear=01;31:*.sar=01;31:*.rar=01;31:*.alz=01;31:*.ace=01;31:*.zoo=01;31:*.cpio=01;31:*.7z=01;31:*.rz=01;31:*.cab=01;31:*.wim=01;31:*.swm=01;31:*.dwm=01;31:*.esd=01;31:*.avif=01;35:*.jpg=01;35:*.jpeg=01;35:*.mjpg=01;35:*.mjpeg=01;35:*.gif=01;35:*.bmp=01;35:*.pbm=01;35:*.pgm=01;35:*.ppm=01;35:*.tga=01;35:*.xbm=01;35:*.xpm=01;35:*.tif=01;35:*.tiff=01;35:*.png=01;35:*.svg=01;35:*.svgz=01;35:*.mng=01;35:*.pcx=01;35:*.mov=01;35:*.mpg=01;35:*.mpeg=01;35:*.m2v=01;35:*.mkv=01;35:*.webm=01;35:*.webp=01;35:*.ogm=01;35:*.mp4=01;35:*.m4v=01;35:*.mp4v=01;35:*.vob=01;35:*.qt=01;35:*.nuv=01;35:*.wmv=01;35:*.asf=01;35:*.rm=01;35:*.rmvb=01;35:*.flc=01;35:*.avi=01;35:*.fli=01;35:*.flv=01;35:*.gl=01;35:*.dl=01;35:*.xcf=01;35:*.xwd=01;35:*.yuv=01;35:*.cgm=01;35:*.emf=01;35:*.ogv=01;35:*.ogx=01;35:*.aac=00;36:*.au=00;36:*.flac=00;36:*.m4a=00;36:*.mid=00;36:*.midi=00;36:*.mka=00;36:*.mp3=00;36:*.mpc=00;36:*.ogg=00;36:*.ra=00;36:*.wav=00;36:*.oga=00;36:*.opus=00;36:*.spx=00;36:*.xspf=00;36:*~=00;90:*#=00;90:*.bak=00;90:*.crdownload=00;90:*.dpkg-dist=00;90:*.dpkg-new=00;90:*.dpkg-old=00;90:*.dpkg-tmp=00;90:*.old=00;90:*.orig=00;90:*.part=00;90:*.rej=00;90:*.rpmnew=00;90:*.rpmorig=00;90:*.rpmsave=00;90:*.swp=00;90:*.tmp=00;90:*.ucf-dist=00;90:*.ucf-new=00;90:*.ucf-old=00;90:', 'TERM_PROGRAM': 'tmux', 'AMENT_PREFIX_PATH': '/root/turtlebot3_ws/install/turtlebot3:/root/turtlebot3_ws/install/turtlebot3_teleop:/root/turtlebot3_ws/install/turtlebot3_simulations:/root/turtlebot3_ws/install/turtlebot3_bringup:/root/turtlebot3_ws/install/turtlebot3_node:/root/turtlebot3_ws/install/turtlebot3_navigation2:/root/turtlebot3_ws/install/turtlebot3_gazebo:/root/turtlebot3_ws/install/turtlebot3_fake_node:/root/turtlebot3_ws/install/turtlebot3_example:/root/turtlebot3_ws/install/turtlebot3_description:/root/turtlebot3_ws/install/turtlebot3_cartographer:/opt/ros/jazzy', 'DEBIAN_FRONTEND': 'noninteractive', 'SHELL': '/bin/bash', 'ROS_AUTOMATIC_DISCOVERY_RANGE': 'SUBNET', 'PWD': '/root/ros2_RSSI_Heatmap/build/rosbot_interfaces', 'TURTLEBOT3_MODEL': 'waffle', 'LC_ALL': 'C.UTF-8', 'PYTHONPATH': '/root/turtlebot3_ws/build/turtlebot3_teleop:/root/turtlebot3_ws/install/turtlebot3_teleop/lib/python3.12/site-packages:/root/turtlebot3_ws/build/turtlebot3_example:/root/turtlebot3_ws/install/turtlebot3_example/lib/python3.12/site-packages:/opt/ros/jazzy/lib/python3.12/site-packages', 'COLCON': '1', 'TMUX_PANE': '%9', 'CMAKE_PREFIX_PATH': '/root/turtlebot3_ws/install/turtlebot3:/root/turtlebot3_ws/install/turtlebot3_simulations:/root/turtlebot3_ws/install/turtlebot3_bringup:/root/turtlebot3_ws/install/turtlebot3_node:/root/turtlebot3_ws/install/turtlebot3_navigation2:/root/turtlebot3_ws/install/turtlebot3_gazebo:/root/turtlebot3_ws/install/turtlebot3_fake_node:/root/turtlebot3_ws/install/turtlebot3_description:/root/turtlebot3_ws/install/turtlebot3_cartographer:/opt/ros/jazzy/opt/gz_sim_vendor:/opt/ros/jazzy/opt/gz_sensors_vendor:/opt/ros/jazzy/opt/gz_physics_vendor:/opt/ros/jazzy/opt/sdformat_vendor:/opt/ros/jazzy/opt/gz_gui_vendor:/opt/ros/jazzy/opt/gz_transport_vendor:/opt/ros/jazzy/opt/gz_rendering_vendor:/opt/ros/jazzy/opt/gz_plugin_vendor:/opt/ros/jazzy/opt/gz_fuel_tools_vendor:/opt/ros/jazzy/opt/gz_msgs_vendor:/opt/ros/jazzy/opt/gz_common_vendor:/opt/ros/jazzy/opt/gz_math_vendor:/opt/ros/jazzy/opt/gz_utils_vendor:/opt/ros/jazzy/opt/gz_tools_vendor:/opt/ros/jazzy/opt/gz_ogre_next_vendor:/opt/ros/jazzy/opt/gz_dartsim_vendor:/opt/ros/jazzy/opt/gz_cmake_vendor:/root/turtlebot3_ws/install/turtlebot3_teleop:/root/turtlebot3_ws/install/turtlebot3_example:/opt/ros/jazzy'}), 'shell': False}
[0.099817] (-) TimerEvent: {}
[0.200636] (-) TimerEvent: {}
[0.280223] (rosbot_interfaces) StdoutLine: {'line': b'-- The C compiler identification is GNU 13.3.0\n'}
[0.300964] (-) TimerEvent: {}
[0.394885] (rosbot_interfaces) StdoutLine: {'line': b'-- The CXX compiler identification is GNU 13.3.0\n'}
[0.403236] (-) TimerEvent: {}
[0.414917] (rosbot_interfaces) StdoutLine: {'line': b'-- Detecting C compiler ABI info\n'}
[0.503355] (-) TimerEvent: {}
[0.517765] (rosbot_interfaces) StdoutLine: {'line': b'-- Detecting C compiler ABI info - done\n'}
[0.525511] (rosbot_interfaces) StdoutLine: {'line': b'-- Check for working C compiler: /usr/bin/cc - skipped\n'}
[0.525808] (rosbot_interfaces) StdoutLine: {'line': b'-- Detecting C compile features\n'}
[0.526201] (rosbot_interfaces) StdoutLine: {'line': b'-- Detecting C compile features - done\n'}
[0.540063] (rosbot_interfaces) StdoutLine: {'line': b'-- Detecting CXX compiler ABI info\n'}
[0.603431] (-) TimerEvent: {}
[0.635430] (rosbot_interfaces) StdoutLine: {'line': b'-- Detecting CXX compiler ABI info - done\n'}
[0.641359] (rosbot_interfaces) StdoutLine: {'line': b'-- Check for working CXX compiler: /usr/bin/c++ - skipped\n'}
[0.641608] (rosbot_interfaces) StdoutLine: {'line': b'-- Detecting CXX compile features\n'}
[0.641931] (rosbot_interfaces) StdoutLine: {'line': b'-- Detecting CXX compile features - done\n'}
[0.672747] (waypoint_publisher_package) Command: {'cmd': ['/usr/bin/python3', '-W', 'ignore:setup.py install is deprecated', '-W', 'ignore:easy_install command is deprecated', 'setup.py', 'egg_info', '--egg-base', '../../build/waypoint_publisher_package', 'build', '--build-base', '/root/ros2_RSSI_Heatmap/build/waypoint_publisher_package/build', 'install', '--record', '/root/ros2_RSSI_Heatmap/build/waypoint_publisher_package/install.log', '--install-scripts', '$base/lib/waypoint_publisher_package', '--single-version-externally-managed', 'install_data'], 'cwd': '/root/ros2_RSSI_Heatmap/src/waypoint_publisher_package', 'env': {'TMUX': '/tmp/tmux-0/default,1712,0', 'GZ_SIM_RESOURCE_PATH': '/opt/ros/jazzy/share', 'GZ_CONFIG_PATH': '/opt/ros/jazzy/opt/gz_sim_vendor/share/gz:/opt/ros/jazzy/opt/sdformat_vendor/share/gz:/opt/ros/jazzy/opt/gz_gui_vendor/share/gz:/opt/ros/jazzy/opt/gz_transport_vendor/share/gz:/opt/ros/jazzy/opt/gz_rendering_vendor/share/gz:/opt/ros/jazzy/opt/gz_plugin_vendor/share/gz:/opt/ros/jazzy/opt/gz_fuel_tools_vendor/share/gz:/opt/ros/jazzy/opt/gz_msgs_vendor/share/gz:/opt/ros/jazzy/opt/gz_common_vendor/share/gz', 'HOSTNAME': 'denver', 'SHLVL': '2', 'LD_LIBRARY_PATH': '/opt/ros/jazzy/opt/gz_sim_vendor/lib:/opt/ros/jazzy/opt/gz_sensors_vendor/lib:/opt/ros/jazzy/opt/gz_physics_vendor/lib:/opt/ros/jazzy/opt/sdformat_vendor/lib:/opt/ros/jazzy/opt/rviz_ogre_vendor/lib:/opt/ros/jazzy/lib/x86_64-linux-gnu:/opt/ros/jazzy/opt/gz_gui_vendor/lib:/opt/ros/jazzy/opt/gz_transport_vendor/lib:/opt/ros/jazzy/opt/gz_rendering_vendor/lib:/opt/ros/jazzy/opt/gz_plugin_vendor/lib:/opt/ros/jazzy/opt/gz_fuel_tools_vendor/lib:/opt/ros/jazzy/opt/gz_msgs_vendor/lib:/opt/ros/jazzy/opt/gz_common_vendor/lib:/opt/ros/jazzy/opt/gz_math_vendor/lib:/opt/ros/jazzy/opt/gz_utils_vendor/lib:/opt/ros/jazzy/opt/gz_tools_vendor/lib:/opt/ros/jazzy/opt/gz_ogre_next_vendor/lib:/opt/ros/jazzy/opt/gz_dartsim_vendor/lib:/opt/ros/jazzy/opt/gz_cmake_vendor/lib:/opt/ros/jazzy/lib', 'HOME': '/root', 'OLDPWD': '/root', 'TERM_PROGRAM_VERSION': '3.4', 'ROS_PYTHON_VERSION': '3', 'COLCON_PREFIX_PATH': '/root/turtlebot3_ws/install', 'ROS_DISTRO': 'jazzy', '_': '/usr/bin/colcon', 'ROS_VERSION': '2', 'TERM': 'screen-256color', 'PATH': '/opt/ros/jazzy/opt/gz_msgs_vendor/bin:/opt/ros/jazzy/opt/gz_tools_vendor/bin:/opt/ros/jazzy/opt/gz_ogre_next_vendor/bin:/opt/ros/jazzy/bin:/usr/local/sbin:/usr/local/bin:/usr/sbin:/usr/bin:/sbin:/bin', 'GZ_PARTITION': 'signalscout_container', 'DISPLAY': ':1', 'LANG': 'C.UTF-8', 'LS_COLORS': 'rs=0:di=01;34:ln=01;36:mh=00:pi=40;33:so=01;35:do=01;35:bd=40;33;01:cd=40;33;01:or=40;31;01:mi=00:su=37;41:sg=30;43:ca=00:tw=30;42:ow=34;42:st=37;44:ex=01;32:*.tar=01;31:*.tgz=01;31:*.arc=01;31:*.arj=01;31:*.taz=01;31:*.lha=01;31:*.lz4=01;31:*.lzh=01;31:*.lzma=01;31:*.tlz=01;31:*.txz=01;31:*.tzo=01;31:*.t7z=01;31:*.zip=01;31:*.z=01;31:*.dz=01;31:*.gz=01;31:*.lrz=01;31:*.lz=01;31:*.lzo=01;31:*.xz=01;31:*.zst=01;31:*.tzst=01;31:*.bz2=01;31:*.bz=01;31:*.tbz=01;31:*.tbz2=01;31:*.tz=01;31:*.deb=01;31:*.rpm=01;31:*.jar=01;31:*.war=01;31:*.ear=01;31:*.sar=01;31:*.rar=01;31:*.alz=01;31:*.ace=01;31:*.zoo=01;31:*.cpio=01;31:*.7z=01;31:*.rz=01;31:*.cab=01;31:*.wim=01;31:*.swm=01;31:*.dwm=01;31:*.esd=01;31:*.avif=01;35:*.jpg=01;35:*.jpeg=01;35:*.mjpg=01;35:*.mjpeg=01;35:*.gif=01;35:*.bmp=01;35:*.pbm=01;35:*.pgm=01;35:*.ppm=01;35:*.tga=01;35:*.xbm=01;35:*.xpm=01;35:*.tif=01;35:*.tiff=01;35:*.png=01;35:*.svg=01;35:*.svgz=01;35:*.mng=01;35:*.pcx=01;35:*.mov=01;35:*.mpg=01;35:*.mpeg=01;35:*.m2v=01;35:*.mkv=01;35:*.webm=01;35:*.webp=01;35:*.ogm=01;35:*.mp4=01;35:*.m4v=01;35:*.mp4v=01;35:*.vob=01;35:*.qt=01;35:*.nuv=01;35:*.wmv=01;35:*.asf=01;35:*.rm=01;35:*.rmvb=01;35:*.flc=01;35:*.avi=01;35:*.fli=01;35:*.flv=01;35:*.gl=01;35:*.dl=01;35:*.xcf=01;35:*.xwd=01;35:*.yuv=01;35:*.cgm=01;35:*.emf=01;35:*.ogv=01;35:*.ogx=01;35:*.aac=00;36:*.au=00;36:*.flac=00;36:*.m4a=00;36:*.mid=00;36:*.midi=00;36:*.mka=00;36:*.mp3=00;36:*.mpc=00;36:*.ogg=00;36:*.ra=00;36:*.wav=00;36:*.oga=00;36:*.opus=00;36:*.spx=00;36:*.xspf=00;36:*~=00;90:*#=00;90:*.bak=00;90:*.crdownload=00;90:*.dpkg-dist=00;90:*.dpkg-new=00;90:*.dpkg-old=00;90:*.dpkg-tmp=00;90:*.old=00;90:*.orig=00;90:*.part=00;90:*.rej=00;90:*.rpmnew=00;90:*.rpmorig=00;90:*.rpmsave=00;90:*.swp=00;90:*.tmp=00;90:*.ucf-dist=00;90:*.ucf-new=00;90:*.ucf-old=00;90:', 'TERM_PROGRAM': 'tmux', 'AMENT_PREFIX_PATH': '/root/turtlebot3_ws/install/turtlebot3:/root/turtlebot3_ws/install/turtlebot3_teleop:/root/turtlebot3_ws/install/turtlebot3_simulations:/root/turtlebot3_ws/install/turtlebot3_bringup:/root/turtlebot3_ws/install/turtlebot3_node:/root/turtlebot3_ws/install/turtlebot3_navigation2:/root/turtlebot3_ws/install/turtlebot3_gazebo:/root/turtlebot3_ws/install/turtlebot3_fake_node:/root/turtlebot3_ws/install/turtlebot3_example:/root/turtlebot3_ws/install/turtlebot3_description:/root/turtlebot3_ws/install/turtlebot3_cartographer:/opt/ros/jazzy', 'DEBIAN_FRONTEND': 'noninteractive', 'SHELL': '/bin/bash', 'ROS_AUTOMATIC_DISCOVERY_RANGE': 'SUBNET', 'PWD': '/root/ros2_RSSI_Heatmap/build/waypoint_publisher_package', 'TURTLEBOT3_MODEL': 'waffle', 'LC_ALL': 'C.UTF-8', 'PYTHONPATH': '/root/ros2_RSSI_Heatmap/build/waypoint_publisher_package/prefix_override:/usr/lib/python3/dist-packages/colcon_core/task/python/colcon_distutils_commands:/root/ros2_RSSI_Heatmap/install/waypoint_publisher_package/lib/python3.12/site-packages:/root/turtlebot3_ws/build/turtlebot3_teleop:/root/turtlebot3_ws/install/turtlebot3_teleop/lib/python3.12/site-packages:/root/turtlebot3_ws/build/turtlebot3_example:/root/turtlebot3_ws/install/turtlebot3_example/lib/python3.12/site-packages:/opt/ros/jazzy/lib/python3.12/site-packages', 'COLCON': '1', 'TMUX_PANE': '%9', 'CMAKE_PREFIX_PATH': '/root/turtlebot3_ws/install/turtlebot3:/root/turtlebot3_ws/install/turtlebot3_simulations:/root/turtlebot3_ws/install/turtlebot3_bringup:/root/turtlebot3_ws/install/turtlebot3_node:/root/turtlebot3_ws/install/turtlebot3_navigation2:/root/turtlebot3_ws/install/turtlebot3_gazebo:/root/turtlebot3_ws/install/turtlebot3_fake_node:/root/turtlebot3_ws/install/turtlebot3_description:/root/turtlebot3_ws/install/turtlebot3_cartographer:/opt/ros/jazzy/opt/gz_sim_vendor:/opt/ros/jazzy/opt/gz_sensors_vendor:/opt/ros/jazzy/opt/gz_physics_vendor:/opt/ros/jazzy/opt/sdformat_vendor:/opt/ros/jazzy/opt/gz_gui_vendor:/opt/ros/jazzy/opt/gz_transport_vendor:/opt/ros/jazzy/opt/gz_rendering_vendor:/opt/ros/jazzy/opt/gz_plugin_vendor:/opt/ros/jazzy/opt/gz_fuel_tools_vendor:/opt/ros/jazzy/opt/gz_msgs_vendor:/opt/ros/jazzy/opt/gz_common_vendor:/opt/ros/jazzy/opt/gz_math_vendor:/opt/ros/jazzy/opt/gz_utils_vendor:/opt/ros/jazzy/opt/gz_tools_vendor:/opt/ros/jazzy/opt/gz_ogre_next_vendor:/opt/ros/jazzy/opt/gz_dartsim_vendor:/opt/ros/jazzy/opt/gz_cmake_vendor'}, 'shell': False}
[0.678728] (rosbot_interfaces) StdoutLine: {'line': b'-- Found ament_cmake: 2.5.6 (/opt/ros/jazzy/share/ament_cmake/cmake)\n'}
[0.703551] (-) TimerEvent: {}
[0.803790] (-) TimerEvent: {}
[0.833195] (rosbot_interfaces) StdoutLine: {'line': b'-- Found Python3: /usr/bin/python3 (found version "3.12.3") found components: Interpreter \n'}
[0.844032] (waypoint_publisher_package) StdoutLine: {'line': b'running egg_info\n'}
[0.844262] (waypoint_publisher_package) StdoutLine: {'line': b'creating ../../build/waypoint_publisher_package/waypoint_publisher_package.egg-info\n'}
[0.851572] (waypoint_publisher_package) StdoutLine: {'line': b'writing ../../build/waypoint_publisher_package/waypoint_publisher_package.egg-info/PKG-INFO\n'}
[0.851770] (waypoint_publisher_package) StdoutLine: {'line': b'writing dependency_links to ../../build/waypoint_publisher_package/waypoint_publisher_package.egg-info/dependency_links.txt\n'}
[0.851854] (waypoint_publisher_package) StdoutLine: {'line': b'writing entry points to ../../build/waypoint_publisher_package/waypoint_publisher_package.egg-info/entry_points.txt\n'}
[0.851899] (waypoint_publisher_package) StdoutLine: {'line': b'writing requirements to ../../build/waypoint_publisher_package/waypoint_publisher_package.egg-info/requires.txt\n'}
[0.851931] (waypoint_publisher_package) StdoutLine: {'line': b'writing top-level names to ../../build/waypoint_publisher_package/waypoint_publisher_package.egg-info/top_level.txt\n'}
[0.851973] (waypoint_publisher_package) StdoutLine: {'line': b"writing manifest file '../../build/waypoint_publisher_package/waypoint_publisher_package.egg-info/SOURCES.txt'\n"}
[0.869992] (waypoint_publisher_package) StdoutLine: {'line': b"reading manifest file '../../build/waypoint_publisher_package/waypoint_publisher_package.egg-info/SOURCES.txt'\n"}
[0.874660] (waypoint_publisher_package) StdoutLine: {'line': b"writing manifest file '../../build/waypoint_publisher_package/waypoint_publisher_package.egg-info/SOURCES.txt'\n"}
[0.874895] (waypoint_publisher_package) StdoutLine: {'line': b'running build\n'}
[0.874930] (waypoint_publisher_package) StdoutLine: {'line': b'running build_py\n'}
[0.874957] (waypoint_publisher_package) StdoutLine: {'line': b'creating /root/ros2_RSSI_Heatmap/build/waypoint_publisher_package/build\n'}
[0.874984] (waypoint_publisher_package) StdoutLine: {'line': b'creating /root/ros2_RSSI_Heatmap/build/waypoint_publisher_package/build/lib\n'}
[0.875011] (waypoint_publisher_package) StdoutLine: {'line': b'creating /root/ros2_RSSI_Heatmap/build/waypoint_publisher_package/build/lib/waypoint_publisher_package\n'}
[0.875039] (waypoint_publisher_package) StdoutLine: {'line': b'copying waypoint_publisher_package/__init__.py -> /root/ros2_RSSI_Heatmap/build/waypoint_publisher_package/build/lib/waypoint_publisher_package\n'}
[0.875065] (waypoint_publisher_package) StdoutLine: {'line': b'copying waypoint_publisher_package/node.py -> /root/ros2_RSSI_Heatmap/build/waypoint_publisher_package/build/lib/waypoint_publisher_package\n'}
[0.875090] (waypoint_publisher_package) StdoutLine: {'line': b'running install\n'}
[0.876516] (waypoint_publisher_package) StdoutLine: {'line': b'running install_lib\n'}
[0.885233] (waypoint_publisher_package) StdoutLine: {'line': b'creating /root/ros2_RSSI_Heatmap/install/waypoint_publisher_package/lib/python3.12/site-packages/waypoint_publisher_package\n'}
[0.885348] (waypoint_publisher_package) StdoutLine: {'line': b'copying /root/ros2_RSSI_Heatmap/build/waypoint_publisher_package/build/lib/waypoint_publisher_package/__init__.py -> /root/ros2_RSSI_Heatmap/install/waypoint_publisher_package/lib/python3.12/site-packages/waypoint_publisher_package\n'}
[0.885377] (waypoint_publisher_package) StdoutLine: {'line': b'copying /root/ros2_RSSI_Heatmap/build/waypoint_publisher_package/build/lib/waypoint_publisher_package/node.py -> /root/ros2_RSSI_Heatmap/install/waypoint_publisher_package/lib/python3.12/site-packages/waypoint_publisher_package\n'}
[0.885629] (waypoint_publisher_package) StdoutLine: {'line': b'byte-compiling /root/ros2_RSSI_Heatmap/install/waypoint_publisher_package/lib/python3.12/site-packages/waypoint_publisher_package/__init__.py to __init__.cpython-312.pyc\n'}
[0.885803] (waypoint_publisher_package) StdoutLine: {'line': b'byte-compiling /root/ros2_RSSI_Heatmap/install/waypoint_publisher_package/lib/python3.12/site-packages/waypoint_publisher_package/node.py to node.cpython-312.pyc\n'}
[0.886540] (waypoint_publisher_package) StdoutLine: {'line': b'running install_data\n'}
[0.886604] (waypoint_publisher_package) StdoutLine: {'line': b'creating /root/ros2_RSSI_Heatmap/install/waypoint_publisher_package/share/ament_index\n'}
[0.886641] (waypoint_publisher_package) StdoutLine: {'line': b'creating /root/ros2_RSSI_Heatmap/install/waypoint_publisher_package/share/ament_index/resource_index\n'}
[0.886668] (waypoint_publisher_package) StdoutLine: {'line': b'creating /root/ros2_RSSI_Heatmap/install/waypoint_publisher_package/share/ament_index/resource_index/packages\n'}
[0.886897] (waypoint_publisher_package) StdoutLine: {'line': b'copying resource/waypoint_publisher_package -> /root/ros2_RSSI_Heatmap/install/waypoint_publisher_package/share/ament_index/resource_index/packages\n'}
[0.886984] (waypoint_publisher_package) StdoutLine: {'line': b'copying package.xml -> /root/ros2_RSSI_Heatmap/install/waypoint_publisher_package/share/waypoint_publisher_package\n'}
[0.887118] (waypoint_publisher_package) StdoutLine: {'line': b'running install_egg_info\n'}
[0.898079] (waypoint_publisher_package) StdoutLine: {'line': b'Copying ../../build/waypoint_publisher_package/waypoint_publisher_package.egg-info to /root/ros2_RSSI_Heatmap/install/waypoint_publisher_package/lib/python3.12/site-packages/waypoint_publisher_package-1.0.0-py3.12.egg-info\n'}
[0.898398] (waypoint_publisher_package) StdoutLine: {'line': b'running install_scripts\n'}
[0.903931] (-) TimerEvent: {}
[0.973956] (waypoint_publisher_package) StdoutLine: {'line': b'Installing node script to /root/ros2_RSSI_Heatmap/install/waypoint_publisher_package/lib/waypoint_publisher_package\n'}
[0.974172] (waypoint_publisher_package) StdoutLine: {'line': b"writing list of installed files to '/root/ros2_RSSI_Heatmap/build/waypoint_publisher_package/install.log'\n"}
[0.987372] (rosbot_interfaces) StdoutLine: {'line': b'-- Found builtin_interfaces: 2.0.4 (/opt/ros/jazzy/share/builtin_interfaces/cmake)\n'}
[1.004113] (-) TimerEvent: {}
[1.016742] (waypoint_publisher_package) CommandEnded: {'returncode': 0}
[1.030979] (waypoint_publisher_package) JobEnded: {'identifier': 'waypoint_publisher_package', 'rc': 0}
[1.062277] (rosbot_interfaces) StdoutLine: {'line': b'-- Found rosidl_generator_c: 4.6.9 (/opt/ros/jazzy/share/rosidl_generator_c/cmake)\n'}
[1.081066] (rosbot_interfaces) StdoutLine: {'line': b'-- Found rosidl_generator_cpp: 4.6.9 (/opt/ros/jazzy/share/rosidl_generator_cpp/cmake)\n'}
[1.104252] (-) TimerEvent: {}
[1.121650] (rosbot_interfaces) StdoutLine: {'line': b'-- Using all available rosidl_typesupport_c: rosidl_typesupport_fastrtps_c;rosidl_typesupport_introspection_c\n'}
[1.153955] (rosbot_interfaces) StdoutLine: {'line': b'-- Using all available rosidl_typesupport_cpp: rosidl_typesupport_fastrtps_cpp;rosidl_typesupport_introspection_cpp\n'}
[1.181717] (rosbot_interfaces) StdoutLine: {'line': b'-- Found rosidl_default_generators: 1.6.1 (/opt/ros/jazzy/share/rosidl_default_generators/cmake)\n'}
[1.204479] (-) TimerEvent: {}
[1.217888] (rosbot_interfaces) StdoutLine: {'line': b'-- Found rosidl_adapter: 4.6.9 (/opt/ros/jazzy/share/rosidl_adapter/cmake)\n'}
[1.222916] (rosbot_interfaces) StdoutLine: {'line': b'-- Found geometry_msgs: 5.3.8 (/opt/ros/jazzy/share/geometry_msgs/cmake)\n'}
[1.304569] (-) TimerEvent: {}
[1.405006] (-) TimerEvent: {}
[1.505285] (-) TimerEvent: {}
[1.605537] (-) TimerEvent: {}
[1.705910] (-) TimerEvent: {}
[1.806624] (-) TimerEvent: {}
[1.828271] (rosbot_interfaces) StdoutLine: {'line': b'-- Found ament_cmake_ros: 0.12.1 (/opt/ros/jazzy/share/ament_cmake_ros/cmake)\n'}
[1.906871] (-) TimerEvent: {}
[2.007144] (-) TimerEvent: {}
[2.107379] (-) TimerEvent: {}
[2.209940] (-) TimerEvent: {}
[2.310300] (-) TimerEvent: {}
[2.410699] (-) TimerEvent: {}
[2.511120] (-) TimerEvent: {}
[2.583241] (rosbot_interfaces) StdoutLine: {'line': b'-- Using all available rosidl_typesupport_c: rosidl_typesupport_fastrtps_c;rosidl_typesupport_introspection_c\n'}
[2.611262] (-) TimerEvent: {}
[2.711608] (-) TimerEvent: {}
[2.812069] (-) TimerEvent: {}
[2.873927] (rosbot_interfaces) StdoutLine: {'line': b'-- Using all available rosidl_typesupport_cpp: rosidl_typesupport_fastrtps_cpp;rosidl_typesupport_introspection_cpp\n'}
[2.876996] (rosbot_interfaces) StdoutLine: {'line': b'-- Found python_cmake_module: 0.11.1 (/opt/ros/jazzy/share/python_cmake_module/cmake)\n'}
[2.912397] (-) TimerEvent: {}
[3.007123] (rosbot_interfaces) StdoutLine: {'line': b'-- Found PythonExtra: /usr/bin/python3  \n'}
[3.012467] (-) TimerEvent: {}
[3.114434] (-) TimerEvent: {}
[3.214669] (-) TimerEvent: {}
[3.315658] (-) TimerEvent: {}
[3.415917] (-) TimerEvent: {}
[3.517871] (rosbot_interfaces) StdoutLine: {'line': b'-- Found Python3: /usr/bin/python3 (found version "3.12.3") found components: Interpreter Development NumPy Development.Module Development.Embed \n'}
[3.518107] (-) TimerEvent: {}
[3.613902] (rosbot_interfaces) StdoutLine: {'line': b'-- Found Python3: /usr/bin/python3 (found version "3.12.3") found components: Interpreter \n'}
[3.618236] (-) TimerEvent: {}
[3.618504] (rosbot_interfaces) StdoutLine: {'line': b'-- Found ament_lint_auto: 0.17.5 (/opt/ros/jazzy/share/ament_lint_auto/cmake)\n'}
[3.664510] (rosbot_interfaces) StdoutLine: {'line': b"-- Added test 'copyright' to check source files copyright and LICENSE\n"}
[3.666154] (rosbot_interfaces) StdoutLine: {'line': b"-- Added test 'lint_cmake' to check CMake code style\n"}
[3.668500] (rosbot_interfaces) StdoutLine: {'line': b"-- Added test 'xmllint' to check XML markup files\n"}
[3.671867] (rosbot_interfaces) StdoutLine: {'line': b'-- Configuring done (3.6s)\n'}
[3.702545] (rosbot_interfaces) StdoutLine: {'line': b'-- Generating done (0.0s)\n'}
[3.713527] (rosbot_interfaces) StdoutLine: {'line': b'-- Build files have been written to: /root/ros2_RSSI_Heatmap/build/rosbot_interfaces\n'}
[3.718351] (-) TimerEvent: {}
[3.735993] (rosbot_interfaces) CommandEnded: {'returncode': 0}
[3.737134] (rosbot_interfaces) JobProgress: {'identifier': 'rosbot_interfaces', 'progress': 'build'}
[3.737150] (rosbot_interfaces) Command: {'cmd': ['/usr/bin/cmake', '--build', '/root/ros2_RSSI_Heatmap/build/rosbot_interfaces', '--', '-j16', '-l16'], 'cwd': '/root/ros2_RSSI_Heatmap/build/rosbot_interfaces', 'env': OrderedDict({'TMUX': '/tmp/tmux-0/default,1712,0', 'GZ_SIM_RESOURCE_PATH': '/opt/ros/jazzy/share', 'GZ_CONFIG_PATH': '/opt/ros/jazzy/opt/gz_sim_vendor/share/gz:/opt/ros/jazzy/opt/sdformat_vendor/share/gz:/opt/ros/jazzy/opt/gz_gui_vendor/share/gz:/opt/ros/jazzy/opt/gz_transport_vendor/share/gz:/opt/ros/jazzy/opt/gz_rendering_vendor/share/gz:/opt/ros/jazzy/opt/gz_plugin_vendor/share/gz:/opt/ros/jazzy/opt/gz_fuel_tools_vendor/share/gz:/opt/ros/jazzy/opt/gz_msgs_vendor/share/gz:/opt/ros/jazzy/opt/gz_common_vendor/share/gz', 'HOSTNAME': 'denver', 'SHLVL': '2', 'LD_LIBRARY_PATH': '/opt/ros/jazzy/opt/gz_sim_vendor/lib:/opt/ros/jazzy/opt/gz_sensors_vendor/lib:/opt/ros/jazzy/opt/gz_physics_vendor/lib:/opt/ros/jazzy/opt/sdformat_vendor/lib:/opt/ros/jazzy/opt/rviz_ogre_vendor/lib:/opt/ros/jazzy/lib/x86_64-linux-gnu:/opt/ros/jazzy/opt/gz_gui_vendor/lib:/opt/ros/jazzy/opt/gz_transport_vendor/lib:/opt/ros/jazzy/opt/gz_rendering_vendor/lib:/opt/ros/jazzy/opt/gz_plugin_vendor/lib:/opt/ros/jazzy/opt/gz_fuel_tools_vendor/lib:/opt/ros/jazzy/opt/gz_msgs_vendor/lib:/opt/ros/jazzy/opt/gz_common_vendor/lib:/opt/ros/jazzy/opt/gz_math_vendor/lib:/opt/ros/jazzy/opt/gz_utils_vendor/lib:/opt/ros/jazzy/opt/gz_tools_vendor/lib:/opt/ros/jazzy/opt/gz_ogre_next_vendor/lib:/opt/ros/jazzy/opt/gz_dartsim_vendor/lib:/opt/ros/jazzy/opt/gz_cmake_vendor/lib:/opt/ros/jazzy/lib', 'HOME': '/root', 'OLDPWD': '/root', 'TERM_PROGRAM_VERSION': '3.4', 'ROS_PYTHON_VERSION': '3', 'COLCON_PREFIX_PATH': '/root/turtlebot3_ws/install', 'ROS_DISTRO': 'jazzy', '_': '/usr/bin/colcon', 'ROS_VERSION': '2', 'TERM': 'screen-256color', 'PATH': '/opt/ros/jazzy/opt/gz_msgs_vendor/bin:/opt/ros/jazzy/opt/gz_tools_vendor/bin:/opt/ros/jazzy/opt/gz_ogre_next_vendor/bin:/opt/ros/jazzy/bin:/usr/local/sbin:/usr/local/bin:/usr/sbin:/usr/bin:/sbin:/bin', 'GZ_PARTITION': 'signalscout_container', 'DISPLAY': ':1', 'LANG': 'C.UTF-8', 'LS_COLORS': 'rs=0:di=01;34:ln=01;36:mh=00:pi=40;33:so=01;35:do=01;35:bd=40;33;01:cd=40;33;01:or=40;31;01:mi=00:su=37;41:sg=30;43:ca=00:tw=30;42:ow=34;42:st=37;44:ex=01;32:*.tar=01;31:*.tgz=01;31:*.arc=01;31:*.arj=01;31:*.taz=01;31:*.lha=01;31:*.lz4=01;31:*.lzh=01;31:*.lzma=01;31:*.tlz=01;31:*.txz=01;31:*.tzo=01;31:*.t7z=01;31:*.zip=01;31:*.z=01;31:*.dz=01;31:*.gz=01;31:*.lrz=01;31:*.lz=01;31:*.lzo=01;31:*.xz=01;31:*.zst=01;31:*.tzst=01;31:*.bz2=01;31:*.bz=01;31:*.tbz=01;31:*.tbz2=01;31:*.tz=01;31:*.deb=01;31:*.rpm=01;31:*.jar=01;31:*.war=01;31:*.ear=01;31:*.sar=01;31:*.rar=01;31:*.alz=01;31:*.ace=01;31:*.zoo=01;31:*.cpio=01;31:*.7z=01;31:*.rz=01;31:*.cab=01;31:*.wim=01;31:*.swm=01;31:*.dwm=01;31:*.esd=01;31:*.avif=01;35:*.jpg=01;35:*.jpeg=01;35:*.mjpg=01;35:*.mjpeg=01;35:*.gif=01;35:*.bmp=01;35:*.pbm=01;35:*.pgm=01;35:*.ppm=01;35:*.tga=01;35:*.xbm=01;35:*.xpm=01;35:*.tif=01;35:*.tiff=01;35:*.png=01;35:*.svg=01;35:*.svgz=01;35:*.mng=01;35:*.pcx=01;35:*.mov=01;35:*.mpg=01;35:*.mpeg=01;35:*.m2v=01;35:*.mkv=01;35:*.webm=01;35:*.webp=01;35:*.ogm=01;35:*.mp4=01;35:*.m4v=01;35:*.mp4v=01;35:*.vob=01;35:*.qt=01;35:*.nuv=01;35:*.wmv=01;35:*.asf=01;35:*.rm=01;35:*.rmvb=01;35:*.flc=01;35:*.avi=01;35:*.fli=01;35:*.flv=01;35:*.gl=01;35:*.dl=01;35:*.xcf=01;35:*.xwd=01;35:*.yuv=01;35:*.cgm=01;35:*.emf=01;35:*.ogv=01;35:*.ogx=01;35:*.aac=00;36:*.au=00;36:*.flac=00;36:*.m4a=00;36:*.mid=00;36:*.midi=00;36:*.mka=00;36:*.mp3=00;36:*.mpc=00;36:*.ogg=00;36:*.ra=00;36:*.wav=00;36:*.oga=00;36:*.opus=00;36:*.spx=00;36:*.xspf=00;36:*~=00;90:*#=00;90:*.bak=00;90:*.crdownload=00;90:*.dpkg-dist=00;90:*.dpkg-new=00;90:*.dpkg-old=00;90:*.dpkg-tmp=00;90:*.old=00;90:*.orig=00;90:*.part=00;90:*.rej=00;90:*.rpmnew=00;90:*.rpmorig=00;90:*.rpmsave=00;90:*.swp=00;90:*.tmp=00;90:*.ucf-dist=00;90:*.ucf-new=00;90:*.ucf-old=00;90:', 'TERM_PROGRAM': 'tmux', 'AMENT_PREFIX_PATH': '/root/turtlebot3_ws/install/turtlebot3:/root/turtlebot3_ws/install/turtlebot3_teleop:/root/turtlebot3_ws/install/turtlebot3_simulations:/root/turtlebot3_ws/install/turtlebot3_bringup:/root/turtlebot3_ws/install/turtlebot3_node:/root/turtlebot3_ws/install/turtlebot3_navigation2:/root/turtlebot3_ws/install/turtlebot3_gazebo:/root/turtlebot3_ws/install/turtlebot3_fake_node:/root/turtlebot3_ws/install/turtlebot3_example:/root/turtlebot3_ws/install/turtlebot3_description:/root/turtlebot3_ws/install/turtlebot3_cartographer:/opt/ros/jazzy', 'DEBIAN_FRONTEND': 'noninteractive', 'SHELL': '/bin/bash', 'ROS_AUTOMATIC_DISCOVERY_RANGE': 'SUBNET', 'PWD': '/root/ros2_RSSI_Heatmap/build/rosbot_interfaces', 'TURTLEBOT3_MODEL': 'waffle', 'LC_ALL': 'C.UTF-8', 'PYTHONPATH': '/root/turtlebot3_ws/build/turtlebot3_teleop:/root/turtlebot3_ws/install/turtlebot3_teleop/lib/python3.12/site-packages:/root/turtlebot3_ws/build/turtlebot3_example:/root/turtlebot3_ws/install/turtlebot3_example/lib/python3.12/site-packages:/opt/ros/jazzy/lib/python3.12/site-packages', 'COLCON': '1', 'TMUX_PANE': '%9', 'CMAKE_PREFIX_PATH': '/root/turtlebot3_ws/install/turtlebot3:/root/turtlebot3_ws/install/turtlebot3_simulations:/root/turtlebot3_ws/install/turtlebot3_bringup:/root/turtlebot3_ws/install/turtlebot3_node:/root/turtlebot3_ws/install/turtlebot3_navigation2:/root/turtlebot3_ws/install/turtlebot3_gazebo:/root/turtlebot3_ws/install/turtlebot3_fake_node:/root/turtlebot3_ws/install/turtlebot3_description:/root/turtlebot3_ws/install/turtlebot3_cartographer:/opt/ros/jazzy/opt/gz_sim_vendor:/opt/ros/jazzy/opt/gz_sensors_vendor:/opt/ros/jazzy/opt/gz_physics_vendor:/opt/ros/jazzy/opt/sdformat_vendor:/opt/ros/jazzy/opt/gz_gui_vendor:/opt/ros/jazzy/opt/gz_transport_vendor:/opt/ros/jazzy/opt/gz_rendering_vendor:/opt/ros/jazzy/opt/gz_plugin_vendor:/opt/ros/jazzy/opt/gz_fuel_tools_vendor:/opt/ros/jazzy/opt/gz_msgs_vendor:/opt/ros/jazzy/opt/gz_common_vendor:/opt/ros/jazzy/opt/gz_math_vendor:/opt/ros/jazzy/opt/gz_utils_vendor:/opt/ros/jazzy/opt/gz_tools_vendor:/opt/ros/jazzy/opt/gz_ogre_next_vendor:/opt/ros/jazzy/opt/gz_dartsim_vendor:/opt/ros/jazzy/opt/gz_cmake_vendor:/root/turtlebot3_ws/install/turtlebot3_teleop:/root/turtlebot3_ws/install/turtlebot3_example:/opt/ros/jazzy'}), 'shell': False}
[3.791096] (rosbot_interfaces) StdoutLine: {'line': b'[  2%] \x1b[34m\x1b[1mGenerating Rust code for ROS interfaces\x1b[0m\n'}
[3.818544] (-) TimerEvent: {}
[3.919036] (-) TimerEvent: {}
[4.020897] (-) TimerEvent: {}
[4.021471] (rosbot_interfaces) StdoutLine: {'line': b'[  2%] Built target rosbot_interfaces__rs\n'}
[4.052148] (rosbot_interfaces) StdoutLine: {'line': b'[  2%] Built target ament_cmake_python_copy_rosbot_interfaces\n'}
[4.075531] (rosbot_interfaces) StdoutLine: {'line': b'[  5%] \x1b[34m\x1b[1mGenerating type hashes for ROS interfaces\x1b[0m\n'}
[4.120985] (-) TimerEvent: {}
[4.221833] (-) TimerEvent: {}
[4.235745] (rosbot_interfaces) StdoutLine: {'line': b'[  5%] Built target rosbot_interfaces__rosidl_generator_type_description\n'}
[4.322084] (-) TimerEvent: {}
[4.385607] (rosbot_interfaces) StdoutLine: {'line': b'running egg_info\n'}
[4.386095] (rosbot_interfaces) StdoutLine: {'line': b'creating rosbot_interfaces.egg-info\n'}
[4.397668] (rosbot_interfaces) StdoutLine: {'line': b'writing rosbot_interfaces.egg-info/PKG-INFO\n'}
[4.397943] (rosbot_interfaces) StdoutLine: {'line': b'writing dependency_links to rosbot_interfaces.egg-info/dependency_links.txt\n'}
[4.398003] (rosbot_interfaces) StdoutLine: {'line': b'writing top-level names to rosbot_interfaces.egg-info/top_level.txt\n'}
[4.398042] (rosbot_interfaces) StdoutLine: {'line': b"writing manifest file 'rosbot_interfaces.egg-info/SOURCES.txt'\n"}
[4.422638] (-) TimerEvent: {}
[4.423192] (rosbot_interfaces) StdoutLine: {'line': b"reading manifest file 'rosbot_interfaces.egg-info/SOURCES.txt'\n"}
[4.424270] (rosbot_interfaces) StdoutLine: {'line': b"writing manifest file 'rosbot_interfaces.egg-info/SOURCES.txt'\n"}
[4.458394] (rosbot_interfaces) StdoutLine: {'line': b'[  5%] Built target ament_cmake_python_build_rosbot_interfaces_egg\n'}
[4.484003] (rosbot_interfaces) StdoutLine: {'line': b'[  8%] \x1b[34m\x1b[1mGenerating C++ code for ROS interfaces\x1b[0m\n'}
[4.522742] (-) TimerEvent: {}
[4.623096] (-) TimerEvent: {}
[4.711425] (rosbot_interfaces) StdoutLine: {'line': b'[  8%] Built target rosbot_interfaces__cpp\n'}
[4.722991] (rosbot_interfaces) StdoutLine: {'line': b'[ 11%] \x1b[34m\x1b[1mGenerating C code for ROS interfaces\x1b[0m\n'}
[4.723159] (-) TimerEvent: {}
[4.823377] (-) TimerEvent: {}
[4.923823] (-) TimerEvent: {}
[4.972461] (rosbot_interfaces) StdoutLine: {'line': b'[ 14%] \x1b[32mBuilding C object CMakeFiles/rosbot_interfaces__rosidl_generator_c.dir/rosidl_generator_c/rosbot_interfaces/msg/detail/rssi_at_waypoint__description.c.o\x1b[0m\n'}
[5.023889] (-) TimerEvent: {}
[5.032113] (rosbot_interfaces) StdoutLine: {'line': b'[ 17%] \x1b[32mBuilding C object CMakeFiles/rosbot_interfaces__rosidl_generator_c.dir/rosidl_generator_c/rosbot_interfaces/msg/detail/rssi_at_waypoint__type_support.c.o\x1b[0m\n'}
[5.059442] (rosbot_interfaces) StdoutLine: {'line': b'[ 20%] \x1b[32mBuilding C object CMakeFiles/rosbot_interfaces__rosidl_generator_c.dir/rosidl_generator_c/rosbot_interfaces/msg/detail/rssi_at_waypoint__functions.c.o\x1b[0m\n'}
[5.113799] (rosbot_interfaces) StdoutLine: {'line': b'[ 22%] \x1b[32m\x1b[1mLinking C shared library librosbot_interfaces__rosidl_generator_c.so\x1b[0m\n'}
[5.124080] (-) TimerEvent: {}
[5.159086] (rosbot_interfaces) StdoutLine: {'line': b'[ 22%] Built target rosbot_interfaces__rosidl_generator_c\n'}
[5.168294] (rosbot_interfaces) StdoutLine: {'line': b'[ 25%] \x1b[34m\x1b[1mGenerating C type support for eProsima Fast-RTPS\x1b[0m\n'}
[5.225692] (-) TimerEvent: {}
[5.326104] (-) TimerEvent: {}
[5.379328] (rosbot_interfaces) StdoutLine: {'line': b'[ 28%] \x1b[32mBuilding CXX object CMakeFiles/rosbot_interfaces__rosidl_typesupport_fastrtps_c.dir/rosidl_typesupport_fastrtps_c/rosbot_interfaces/msg/detail/rssi_at_waypoint__type_support_c.cpp.o\x1b[0m\n'}
[5.426206] (-) TimerEvent: {}
[5.528875] (-) TimerEvent: {}
[5.629238] (-) TimerEvent: {}
[5.729592] (-) TimerEvent: {}
[5.829889] (-) TimerEvent: {}
[5.831063] (rosbot_interfaces) StdoutLine: {'line': b'[ 31%] \x1b[32m\x1b[1mLinking CXX shared library librosbot_interfaces__rosidl_typesupport_fastrtps_c.so\x1b[0m\n'}
[5.882952] (rosbot_interfaces) StdoutLine: {'line': b'[ 31%] Built target rosbot_interfaces__rosidl_typesupport_fastrtps_c\n'}
[5.895855] (rosbot_interfaces) StdoutLine: {'line': b'[ 34%] \x1b[34m\x1b[1mGenerating C++ type support dispatch for ROS interfaces\x1b[0m\n'}
[5.930031] (-) TimerEvent: {}
[6.030445] (-) TimerEvent: {}
[6.074235] (rosbot_interfaces) StdoutLine: {'line': b'[ 37%] \x1b[32mBuilding CXX object CMakeFiles/rosbot_interfaces__rosidl_typesupport_cpp.dir/rosidl_typesupport_cpp/rosbot_interfaces/msg/rssi_at_waypoint__type_support.cpp.o\x1b[0m\n'}
[6.130545] (-) TimerEvent: {}
[6.230858] (-) TimerEvent: {}
[6.299675] (rosbot_interfaces) StdoutLine: {'line': b'[ 40%] \x1b[32m\x1b[1mLinking CXX shared library librosbot_interfaces__rosidl_typesupport_cpp.so\x1b[0m\n'}
[6.330959] (-) TimerEvent: {}
[6.342672] (rosbot_interfaces) StdoutLine: {'line': b'[ 40%] Built target rosbot_interfaces__rosidl_typesupport_cpp\n'}
[6.357412] (rosbot_interfaces) StdoutLine: {'line': b'[ 42%] \x1b[34m\x1b[1mGenerating C++ introspection for ROS interfaces\x1b[0m\n'}
[6.433015] (-) TimerEvent: {}
[6.533282] (-) TimerEvent: {}
[6.552171] (rosbot_interfaces) StdoutLine: {'line': b'[ 45%] \x1b[32mBuilding CXX object CMakeFiles/rosbot_interfaces__rosidl_typesupport_introspection_cpp.dir/rosidl_typesupport_introspection_cpp/rosbot_interfaces/msg/detail/rssi_at_waypoint__type_support.cpp.o\x1b[0m\n'}
[6.633721] (-) TimerEvent: {}
[6.734040] (-) TimerEvent: {}
[6.778794] (rosbot_interfaces) StdoutLine: {'line': b'[ 48%] \x1b[32m\x1b[1mLinking CXX shared library librosbot_interfaces__rosidl_typesupport_introspection_cpp.so\x1b[0m\n'}
[6.834213] (-) TimerEvent: {}
[6.837720] (rosbot_interfaces) StdoutLine: {'line': b'[ 48%] Built target rosbot_interfaces__rosidl_typesupport_introspection_cpp\n'}
[6.847438] (rosbot_interfaces) StdoutLine: {'line': b'[ 51%] \x1b[34m\x1b[1mGenerating C type support dispatch for ROS interfaces\x1b[0m\n'}
[6.936384] (-) TimerEvent: {}
[7.027059] (rosbot_interfaces) StdoutLine: {'line': b'[ 54%] \x1b[32mBuilding CXX object CMakeFiles/rosbot_interfaces__rosidl_typesupport_c.dir/rosidl_typesupport_c/rosbot_interfaces/msg/rssi_at_waypoint__type_support.cpp.o\x1b[0m\n'}
[7.036671] (-) TimerEvent: {}
[7.064691] (rosbot_interfaces) StdoutLine: {'line': b'[ 57%] \x1b[32m\x1b[1mLinking CXX shared library librosbot_interfaces__rosidl_typesupport_c.so\x1b[0m\n'}
[7.101537] (rosbot_interfaces) StdoutLine: {'line': b'[ 57%] Built target rosbot_interfaces__rosidl_typesupport_c\n'}
[7.110215] (rosbot_interfaces) StdoutLine: {'line': b'[ 60%] \x1b[34m\x1b[1mGenerating C introspection for ROS interfaces\x1b[0m\n'}
[7.136954] (-) TimerEvent: {}
[7.238275] (-) TimerEvent: {}
[7.309243] (rosbot_interfaces) StdoutLine: {'line': b'[ 62%] \x1b[32mBuilding C object CMakeFiles/rosbot_interfaces__rosidl_typesupport_introspection_c.dir/rosidl_typesupport_introspection_c/rosbot_interfaces/msg/detail/rssi_at_waypoint__type_support.c.o\x1b[0m\n'}
[7.339600] (-) TimerEvent: {}
[7.345331] (rosbot_interfaces) StdoutLine: {'line': b'[ 65%] \x1b[32m\x1b[1mLinking C shared library librosbot_interfaces__rosidl_typesupport_introspection_c.so\x1b[0m\n'}
[7.378696] (rosbot_interfaces) StdoutLine: {'line': b'[ 65%] Built target rosbot_interfaces__rosidl_typesupport_introspection_c\n'}
[7.388799] (rosbot_interfaces) StdoutLine: {'line': b'[ 68%] \x1b[34m\x1b[1mGenerating C++ type support for eProsima Fast-RTPS\x1b[0m\n'}
[7.439677] (-) TimerEvent: {}
[7.540067] (-) TimerEvent: {}
[7.590407] (rosbot_interfaces) StdoutLine: {'line': b'[ 71%] \x1b[32mBuilding CXX object CMakeFiles/rosbot_interfaces__rosidl_typesupport_fastrtps_cpp.dir/rosidl_typesupport_fastrtps_cpp/rosbot_interfaces/msg/detail/dds_fastrtps/rssi_at_waypoint__type_support.cpp.o\x1b[0m\n'}
[7.640184] (-) TimerEvent: {}
[7.740543] (-) TimerEvent: {}
[7.840889] (-) TimerEvent: {}
[7.917297] (rosbot_interfaces) StdoutLine: {'line': b'[ 74%] \x1b[32m\x1b[1mLinking CXX shared library librosbot_interfaces__rosidl_typesupport_fastrtps_cpp.so\x1b[0m\n'}
[7.940998] (-) TimerEvent: {}
[7.964449] (rosbot_interfaces) StdoutLine: {'line': b'[ 74%] Built target rosbot_interfaces__rosidl_typesupport_fastrtps_cpp\n'}
[7.988579] (rosbot_interfaces) StdoutLine: {'line': b'[ 74%] Built target rosbot_interfaces\n'}
[8.010735] (rosbot_interfaces) StdoutLine: {'line': b'[ 77%] \x1b[34m\x1b[1mGenerating Python code for ROS interfaces\x1b[0m\n'}
[8.041106] (-) TimerEvent: {}
[8.142088] (-) TimerEvent: {}
[8.242392] (-) TimerEvent: {}
[8.294057] (rosbot_interfaces) StdoutLine: {'line': b'[ 77%] Built target rosbot_interfaces__py\n'}
[8.318233] (rosbot_interfaces) StdoutLine: {'line': b'[ 80%] \x1b[32mBuilding C object CMakeFiles/rosbot_interfaces__rosidl_generator_py.dir/rosidl_generator_py/rosbot_interfaces/msg/_rssi_at_waypoint_s.c.o\x1b[0m\n'}
[8.342495] (-) TimerEvent: {}
[8.442742] (-) TimerEvent: {}
[8.543063] (-) TimerEvent: {}
[8.643533] (-) TimerEvent: {}
[8.728255] (rosbot_interfaces) StdoutLine: {'line': b'[ 82%] \x1b[32m\x1b[1mLinking C shared library librosbot_interfaces__rosidl_generator_py.so\x1b[0m\n'}
[8.744347] (-) TimerEvent: {}
[8.768285] (rosbot_interfaces) StdoutLine: {'line': b'[ 82%] Built target rosbot_interfaces__rosidl_generator_py\n'}
[8.790758] (rosbot_interfaces) StdoutLine: {'line': b'[ 85%] \x1b[32mBuilding C object CMakeFiles/rosbot_interfaces_s__rosidl_typesupport_fastrtps_c.dir/rosidl_generator_py/rosbot_interfaces/_rosbot_interfaces_s.ep.rosidl_typesupport_fastrtps_c.c.o\x1b[0m\n'}
[8.844651] (-) TimerEvent: {}
[8.875967] (rosbot_interfaces) StdoutLine: {'line': b'[ 88%] \x1b[32m\x1b[1mLinking C shared module rosidl_generator_py/rosbot_interfaces/rosbot_interfaces_s__rosidl_typesupport_fastrtps_c.so\x1b[0m\n'}
[8.904116] (rosbot_interfaces) StdoutLine: {'line': b'[ 88%] Built target rosbot_interfaces_s__rosidl_typesupport_fastrtps_c\n'}
[8.926534] (rosbot_interfaces) StdoutLine: {'line': b'[ 91%] \x1b[32mBuilding C object CMakeFiles/rosbot_interfaces_s__rosidl_typesupport_c.dir/rosidl_generator_py/rosbot_interfaces/_rosbot_interfaces_s.ep.rosidl_typesupport_c.c.o\x1b[0m\n'}
[8.944708] (-) TimerEvent: {}
[9.007474] (rosbot_interfaces) StdoutLine: {'line': b'[ 94%] \x1b[32m\x1b[1mLinking C shared module rosidl_generator_py/rosbot_interfaces/rosbot_interfaces_s__rosidl_typesupport_c.so\x1b[0m\n'}
[9.033330] (rosbot_interfaces) StdoutLine: {'line': b'[ 94%] Built target rosbot_interfaces_s__rosidl_typesupport_c\n'}
[9.044868] (-) TimerEvent: {}
[9.058797] (rosbot_interfaces) StdoutLine: {'line': b'[ 97%] \x1b[32mBuilding C object CMakeFiles/rosbot_interfaces_s__rosidl_typesupport_introspection_c.dir/rosidl_generator_py/rosbot_interfaces/_rosbot_interfaces_s.ep.rosidl_typesupport_introspection_c.c.o\x1b[0m\n'}
[9.143221] (rosbot_interfaces) StdoutLine: {'line': b'[100%] \x1b[32m\x1b[1mLinking C shared module rosidl_generator_py/rosbot_interfaces/rosbot_interfaces_s__rosidl_typesupport_introspection_c.so\x1b[0m\n'}
[9.144932] (-) TimerEvent: {}
[9.176506] (rosbot_interfaces) StdoutLine: {'line': b'[100%] Built target rosbot_interfaces_s__rosidl_typesupport_introspection_c\n'}
[9.192795] (rosbot_interfaces) CommandEnded: {'returncode': 0}
[9.193758] (rosbot_interfaces) JobProgress: {'identifier': 'rosbot_interfaces', 'progress': 'install'}
[9.203895] (rosbot_interfaces) Command: {'cmd': ['/usr/bin/cmake', '--install', '/root/ros2_RSSI_Heatmap/build/rosbot_interfaces'], 'cwd': '/root/ros2_RSSI_Heatmap/build/rosbot_interfaces', 'env': OrderedDict({'TMUX': '/tmp/tmux-0/default,1712,0', 'GZ_SIM_RESOURCE_PATH': '/opt/ros/jazzy/share', 'GZ_CONFIG_PATH': '/opt/ros/jazzy/opt/gz_sim_vendor/share/gz:/opt/ros/jazzy/opt/sdformat_vendor/share/gz:/opt/ros/jazzy/opt/gz_gui_vendor/share/gz:/opt/ros/jazzy/opt/gz_transport_vendor/share/gz:/opt/ros/jazzy/opt/gz_rendering_vendor/share/gz:/opt/ros/jazzy/opt/gz_plugin_vendor/share/gz:/opt/ros/jazzy/opt/gz_fuel_tools_vendor/share/gz:/opt/ros/jazzy/opt/gz_msgs_vendor/share/gz:/opt/ros/jazzy/opt/gz_common_vendor/share/gz', 'HOSTNAME': 'denver', 'SHLVL': '2', 'LD_LIBRARY_PATH': '/opt/ros/jazzy/opt/gz_sim_vendor/lib:/opt/ros/jazzy/opt/gz_sensors_vendor/lib:/opt/ros/jazzy/opt/gz_physics_vendor/lib:/opt/ros/jazzy/opt/sdformat_vendor/lib:/opt/ros/jazzy/opt/rviz_ogre_vendor/lib:/opt/ros/jazzy/lib/x86_64-linux-gnu:/opt/ros/jazzy/opt/gz_gui_vendor/lib:/opt/ros/jazzy/opt/gz_transport_vendor/lib:/opt/ros/jazzy/opt/gz_rendering_vendor/lib:/opt/ros/jazzy/opt/gz_plugin_vendor/lib:/opt/ros/jazzy/opt/gz_fuel_tools_vendor/lib:/opt/ros/jazzy/opt/gz_msgs_vendor/lib:/opt/ros/jazzy/opt/gz_common_vendor/lib:/opt/ros/jazzy/opt/gz_math_vendor/lib:/opt/ros/jazzy/opt/gz_utils_vendor/lib:/opt/ros/jazzy/opt/gz_tools_vendor/lib:/opt/ros/jazzy/opt/gz_ogre_next_vendor/lib:/opt/ros/jazzy/opt/gz_dartsim_vendor/lib:/opt/ros/jazzy/opt/gz_cmake_vendor/lib:/opt/ros/jazzy/lib', 'HOME': '/root', 'OLDPWD': '/root', 'TERM_PROGRAM_VERSION': '3.4', 'ROS_PYTHON_VERSION': '3', 'COLCON_PREFIX_PATH': '/root/turtlebot3_ws/install', 'ROS_DISTRO': 'jazzy', '_': '/usr/bin/colcon', 'ROS_VERSION': '2', 'TERM': 'screen-256color', 'PATH': '/opt/ros/jazzy/opt/gz_msgs_vendor/bin:/opt/ros/jazzy/opt/gz_tools_vendor/bin:/opt/ros/jazzy/opt/gz_ogre_next_vendor/bin:/opt/ros/jazzy/bin:/usr/local/sbin:/usr/local/bin:/usr/sbin:/usr/bin:/sbin:/bin', 'GZ_PARTITION': 'signalscout_container', 'DISPLAY': ':1', 'LANG': 'C.UTF-8', 'LS_COLORS': 'rs=0:di=01;34:ln=01;36:mh=00:pi=40;33:so=01;35:do=01;35:bd=40;33;01:cd=40;33;01:or=40;31;01:mi=00:su=37;41:sg=30;43:ca=00:tw=30;42:ow=34;42:st=37;44:ex=01;32:*.tar=01;31:*.tgz=01;31:*.arc=01;31:*.arj=01;31:*.taz=01;31:*.lha=01;31:*.lz4=01;31:*.lzh=01;31:*.lzma=01;31:*.tlz=01;31:*.txz=01;31:*.tzo=01;31:*.t7z=01;31:*.zip=01;31:*.z=01;31:*.dz=01;31:*.gz=01;31:*.lrz=01;31:*.lz=01;31:*.lzo=01;31:*.xz=01;31:*.zst=01;31:*.tzst=01;31:*.bz2=01;31:*.bz=01;31:*.tbz=01;31:*.tbz2=01;31:*.tz=01;31:*.deb=01;31:*.rpm=01;31:*.jar=01;31:*.war=01;31:*.ear=01;31:*.sar=01;31:*.rar=01;31:*.alz=01;31:*.ace=01;31:*.zoo=01;31:*.cpio=01;31:*.7z=01;31:*.rz=01;31:*.cab=01;31:*.wim=01;31:*.swm=01;31:*.dwm=01;31:*.esd=01;31:*.avif=01;35:*.jpg=01;35:*.jpeg=01;35:*.mjpg=01;35:*.mjpeg=01;35:*.gif=01;35:*.bmp=01;35:*.pbm=01;35:*.pgm=01;35:*.ppm=01;35:*.tga=01;35:*.xbm=01;35:*.xpm=01;35:*.tif=01;35:*.tiff=01;35:*.png=01;35:*.svg=01;35:*.svgz=01;35:*.mng=01;35:*.pcx=01;35:*.mov=01;35:*.mpg=01;35:*.mpeg=01;35:*.m2v=01;35:*.mkv=01;35:*.webm=01;35:*.webp=01;35:*.ogm=01;35:*.mp4=01;35:*.m4v=01;35:*.mp4v=01;35:*.vob=01;35:*.qt=01;35:*.nuv=01;35:*.wmv=01;35:*.asf=01;35:*.rm=01;35:*.rmvb=01;35:*.flc=01;35:*.avi=01;35:*.fli=01;35:*.flv=01;35:*.gl=01;35:*.dl=01;35:*.xcf=01;35:*.xwd=01;35:*.yuv=01;35:*.cgm=01;35:*.emf=01;35:*.ogv=01;35:*.ogx=01;35:*.aac=00;36:*.au=00;36:*.flac=00;36:*.m4a=00;36:*.mid=00;36:*.midi=00;36:*.mka=00;36:*.mp3=00;36:*.mpc=00;36:*.ogg=00;36:*.ra=00;36:*.wav=00;36:*.oga=00;36:*.opus=00;36:*.spx=00;36:*.xspf=00;36:*~=00;90:*#=00;90:*.bak=00;90:*.crdownload=00;90:*.dpkg-dist=00;90:*.dpkg-new=00;90:*.dpkg-old=00;90:*.dpkg-tmp=00;90:*.old=00;90:*.orig=00;90:*.part=00;90:*.rej=00;90:*.rpmnew=00;90:*.rpmorig=00;90:*.rpmsave=00;90:*.swp=00;90:*.tmp=00;90:*.ucf-dist=00;90:*.ucf-new=00;90:*.ucf-old=00;90:', 'TERM_PROGRAM': 'tmux', 'AMENT_PREFIX_PATH': '/root/turtlebot3_ws/install/turtlebot3:/root/turtlebot3_ws/install/turtlebot3_teleop:/root/turtlebot3_ws/install/turtlebot3_simulations:/root/turtlebot3_ws/install/turtlebot3_bringup:/root/turtlebot3_ws/install/turtlebot3_node:/root/turtlebot3_ws/install/turtlebot3_navigation2:/root/turtlebot3_ws/install/turtlebot3_gazebo:/root/turtlebot3_ws/install/turtlebot3_fake_node:/root/turtlebot3_ws/install/turtlebot3_example:/root/turtlebot3_ws/install/turtlebot3_description:/root/turtlebot3_ws/install/turtlebot3_cartographer:/opt/ros/jazzy', 'DEBIAN_FRONTEND': 'noninteractive', 'SHELL': '/bin/bash', 'ROS_AUTOMATIC_DISCOVERY_RANGE': 'SUBNET', 'PWD': '/root/ros2_RSSI_Heatmap/build/rosbot_interfaces', 'TURTLEBOT3_MODEL': 'waffle', 'LC_ALL': 'C.UTF-8', 'PYTHONPATH': '/root/turtlebot3_ws/build/turtlebot3_teleop:/root/turtlebot3_ws/install/turtlebot3_teleop/lib/python3.12/site-packages:/root/turtlebot3_ws/build/turtlebot3_example:/root/turtlebot3_ws/install/turtlebot3_example/lib/python3.12/site-packages:/opt/ros/jazzy/lib/python3.12/site-packages', 'COLCON': '1', 'TMUX_PANE': '%9', 'CMAKE_PREFIX_PATH': '/root/turtlebot3_ws/install/turtlebot3:/root/turtlebot3_ws/install/turtlebot3_simulations:/root/turtlebot3_ws/install/turtlebot3_bringup:/root/turtlebot3_ws/install/turtlebot3_node:/root/turtlebot3_ws/install/turtlebot3_navigation2:/root/turtlebot3_ws/install/turtlebot3_gazebo:/root/turtlebot3_ws/install/turtlebot3_fake_node:/root/turtlebot3_ws/install/turtlebot3_description:/root/turtlebot3_ws/install/turtlebot3_cartographer:/opt/ros/jazzy/opt/gz_sim_vendor:/opt/ros/jazzy/opt/gz_sensors_vendor:/opt/ros/jazzy/opt/gz_physics_vendor:/opt/ros/jazzy/opt/sdformat_vendor:/opt/ros/jazzy/opt/gz_gui_vendor:/opt/ros/jazzy/opt/gz_transport_vendor:/opt/ros/jazzy/opt/gz_rendering_vendor:/opt/ros/jazzy/opt/gz_plugin_vendor:/opt/ros/jazzy/opt/gz_fuel_tools_vendor:/opt/ros/jazzy/opt/gz_msgs_vendor:/opt/ros/jazzy/opt/gz_common_vendor:/opt/ros/jazzy/opt/gz_math_vendor:/opt/ros/jazzy/opt/gz_utils_vendor:/opt/ros/jazzy/opt/gz_tools_vendor:/opt/ros/jazzy/opt/gz_ogre_next_vendor:/opt/ros/jazzy/opt/gz_dartsim_vendor:/opt/ros/jazzy/opt/gz_cmake_vendor:/root/turtlebot3_ws/install/turtlebot3_teleop:/root/turtlebot3_ws/install/turtlebot3_example:/opt/ros/jazzy'}), 'shell': False}
[9.213414] (rosbot_interfaces) StdoutLine: {'line': b'-- Install configuration: ""\n'}
[9.213649] (rosbot_interfaces) StdoutLine: {'line': b'-- Installing: /root/ros2_RSSI_Heatmap/install/rosbot_interfaces/share/ament_index/resource_index/rosidl_interfaces/rosbot_interfaces\n'}
[9.213701] (rosbot_interfaces) StdoutLine: {'line': b'-- Installing: /root/ros2_RSSI_Heatmap/install/rosbot_interfaces/share/rosbot_interfaces/msg/RssiAtWaypoint.json\n'}
[9.213738] (rosbot_interfaces) StdoutLine: {'line': b'-- Installing: /root/ros2_RSSI_Heatmap/install/rosbot_interfaces/include/rosbot_interfaces/rosbot_interfaces\n'}
[9.213772] (rosbot_interfaces) StdoutLine: {'line': b'-- Installing: /root/ros2_RSSI_Heatmap/install/rosbot_interfaces/include/rosbot_interfaces/rosbot_interfaces/msg\n'}
[9.213798] (rosbot_interfaces) StdoutLine: {'line': b'-- Installing: /root/ros2_RSSI_Heatmap/install/rosbot_interfaces/include/rosbot_interfaces/rosbot_interfaces/msg/rssi_at_waypoint.h\n'}
[9.213835] (rosbot_interfaces) StdoutLine: {'line': b'-- Installing: /root/ros2_RSSI_Heatmap/install/rosbot_interfaces/include/rosbot_interfaces/rosbot_interfaces/msg/detail\n'}
[9.213867] (rosbot_interfaces) StdoutLine: {'line': b'-- Installing: /root/ros2_RSSI_Heatmap/install/rosbot_interfaces/include/rosbot_interfaces/rosbot_interfaces/msg/detail/rssi_at_waypoint__type_support.h\n'}
[9.213893] (rosbot_interfaces) StdoutLine: {'line': b'-- Installing: /root/ros2_RSSI_Heatmap/install/rosbot_interfaces/include/rosbot_interfaces/rosbot_interfaces/msg/detail/rssi_at_waypoint__description.c\n'}
[9.213917] (rosbot_interfaces) StdoutLine: {'line': b'-- Installing: /root/ros2_RSSI_Heatmap/install/rosbot_interfaces/include/rosbot_interfaces/rosbot_interfaces/msg/detail/rssi_at_waypoint__struct.h\n'}
[9.213940] (rosbot_interfaces) StdoutLine: {'line': b'-- Installing: /root/ros2_RSSI_Heatmap/install/rosbot_interfaces/include/rosbot_interfaces/rosbot_interfaces/msg/detail/rssi_at_waypoint__functions.h\n'}
[9.213972] (rosbot_interfaces) StdoutLine: {'line': b'-- Installing: /root/ros2_RSSI_Heatmap/install/rosbot_interfaces/include/rosbot_interfaces/rosbot_interfaces/msg/detail/rssi_at_waypoint__functions.c\n'}
[9.214002] (rosbot_interfaces) StdoutLine: {'line': b'-- Installing: /root/ros2_RSSI_Heatmap/install/rosbot_interfaces/include/rosbot_interfaces/rosbot_interfaces/msg/detail/rssi_at_waypoint__type_support.c\n'}
[9.214033] (rosbot_interfaces) StdoutLine: {'line': b'-- Installing: /root/ros2_RSSI_Heatmap/install/rosbot_interfaces/include/rosbot_interfaces/rosbot_interfaces/msg/rosidl_generator_c__visibility_control.h\n'}
[9.214059] (rosbot_interfaces) StdoutLine: {'line': b'-- Installing: /root/ros2_RSSI_Heatmap/install/rosbot_interfaces/share/rosbot_interfaces/environment/library_path.sh\n'}
[9.214083] (rosbot_interfaces) StdoutLine: {'line': b'-- Installing: /root/ros2_RSSI_Heatmap/install/rosbot_interfaces/share/rosbot_interfaces/environment/library_path.dsv\n'}
[9.214110] (rosbot_interfaces) StdoutLine: {'line': b'-- Installing: /root/ros2_RSSI_Heatmap/install/rosbot_interfaces/lib/librosbot_interfaces__rosidl_generator_c.so\n'}
[9.214137] (rosbot_interfaces) StdoutLine: {'line': b'-- Set non-toolchain portion of runtime path of "/root/ros2_RSSI_Heatmap/install/rosbot_interfaces/lib/librosbot_interfaces__rosidl_generator_c.so" to ""\n'}
[9.214159] (rosbot_interfaces) StdoutLine: {'line': b'-- Up-to-date: /root/ros2_RSSI_Heatmap/install/rosbot_interfaces/include/rosbot_interfaces/rosbot_interfaces\n'}
[9.214183] (rosbot_interfaces) StdoutLine: {'line': b'-- Up-to-date: /root/ros2_RSSI_Heatmap/install/rosbot_interfaces/include/rosbot_interfaces/rosbot_interfaces/msg\n'}
[9.214205] (rosbot_interfaces) StdoutLine: {'line': b'-- Installing: /root/ros2_RSSI_Heatmap/install/rosbot_interfaces/include/rosbot_interfaces/rosbot_interfaces/msg/rosidl_typesupport_fastrtps_c__visibility_control.h\n'}
[9.214233] (rosbot_interfaces) StdoutLine: {'line': b'-- Up-to-date: /root/ros2_RSSI_Heatmap/install/rosbot_interfaces/include/rosbot_interfaces/rosbot_interfaces/msg/detail\n'}
[9.214260] (rosbot_interfaces) StdoutLine: {'line': b'-- Installing: /root/ros2_RSSI_Heatmap/install/rosbot_interfaces/include/rosbot_interfaces/rosbot_interfaces/msg/detail/rssi_at_waypoint__rosidl_typesupport_fastrtps_c.h\n'}
[9.214283] (rosbot_interfaces) StdoutLine: {'line': b'-- Installing: /root/ros2_RSSI_Heatmap/install/rosbot_interfaces/lib/librosbot_interfaces__rosidl_typesupport_fastrtps_c.so\n'}
[9.214305] (rosbot_interfaces) StdoutLine: {'line': b'-- Set non-toolchain portion of runtime path of "/root/ros2_RSSI_Heatmap/install/rosbot_interfaces/lib/librosbot_interfaces__rosidl_typesupport_fastrtps_c.so" to ""\n'}
[9.214327] (rosbot_interfaces) StdoutLine: {'line': b'-- Up-to-date: /root/ros2_RSSI_Heatmap/install/rosbot_interfaces/include/rosbot_interfaces/rosbot_interfaces\n'}
[9.214353] (rosbot_interfaces) StdoutLine: {'line': b'-- Up-to-date: /root/ros2_RSSI_Heatmap/install/rosbot_interfaces/include/rosbot_interfaces/rosbot_interfaces/msg\n'}
[9.214377] (rosbot_interfaces) StdoutLine: {'line': b'-- Installing: /root/ros2_RSSI_Heatmap/install/rosbot_interfaces/include/rosbot_interfaces/rosbot_interfaces/msg/rssi_at_waypoint.hpp\n'}
[9.214415] (rosbot_interfaces) StdoutLine: {'line': b'-- Up-to-date: /root/ros2_RSSI_Heatmap/install/rosbot_interfaces/include/rosbot_interfaces/rosbot_interfaces/msg/detail\n'}
[9.214455] (rosbot_interfaces) StdoutLine: {'line': b'-- Installing: /root/ros2_RSSI_Heatmap/install/rosbot_interfaces/include/rosbot_interfaces/rosbot_interfaces/msg/detail/rssi_at_waypoint__traits.hpp\n'}
[9.214482] (rosbot_interfaces) StdoutLine: {'line': b'-- Installing: /root/ros2_RSSI_Heatmap/install/rosbot_interfaces/include/rosbot_interfaces/rosbot_interfaces/msg/detail/rssi_at_waypoint__struct.hpp\n'}
[9.214510] (rosbot_interfaces) StdoutLine: {'line': b'-- Installing: /root/ros2_RSSI_Heatmap/install/rosbot_interfaces/include/rosbot_interfaces/rosbot_interfaces/msg/detail/rssi_at_waypoint__builder.hpp\n'}
[9.214532] (rosbot_interfaces) StdoutLine: {'line': b'-- Installing: /root/ros2_RSSI_Heatmap/install/rosbot_interfaces/include/rosbot_interfaces/rosbot_interfaces/msg/detail/rssi_at_waypoint__type_support.hpp\n'}
[9.214552] (rosbot_interfaces) StdoutLine: {'line': b'-- Installing: /root/ros2_RSSI_Heatmap/install/rosbot_interfaces/include/rosbot_interfaces/rosbot_interfaces/msg/rosidl_generator_cpp__visibility_control.hpp\n'}
[9.214578] (rosbot_interfaces) StdoutLine: {'line': b'-- Up-to-date: /root/ros2_RSSI_Heatmap/install/rosbot_interfaces/include/rosbot_interfaces/rosbot_interfaces\n'}
[9.214603] (rosbot_interfaces) StdoutLine: {'line': b'-- Up-to-date: /root/ros2_RSSI_Heatmap/install/rosbot_interfaces/include/rosbot_interfaces/rosbot_interfaces/msg\n'}
[9.214624] (rosbot_interfaces) StdoutLine: {'line': b'-- Installing: /root/ros2_RSSI_Heatmap/install/rosbot_interfaces/include/rosbot_interfaces/rosbot_interfaces/msg/rosidl_typesupport_fastrtps_cpp__visibility_control.h\n'}
[9.214647] (rosbot_interfaces) StdoutLine: {'line': b'-- Up-to-date: /root/ros2_RSSI_Heatmap/install/rosbot_interfaces/include/rosbot_interfaces/rosbot_interfaces/msg/detail\n'}
[9.214667] (rosbot_interfaces) StdoutLine: {'line': b'-- Installing: /root/ros2_RSSI_Heatmap/install/rosbot_interfaces/include/rosbot_interfaces/rosbot_interfaces/msg/detail/rssi_at_waypoint__rosidl_typesupport_fastrtps_cpp.hpp\n'}
[9.214696] (rosbot_interfaces) StdoutLine: {'line': b'-- Installing: /root/ros2_RSSI_Heatmap/install/rosbot_interfaces/include/rosbot_interfaces/rosbot_interfaces/msg/detail/dds_fastrtps\n'}
[9.214718] (rosbot_interfaces) StdoutLine: {'line': b'-- Installing: /root/ros2_RSSI_Heatmap/install/rosbot_interfaces/lib/librosbot_interfaces__rosidl_typesupport_fastrtps_cpp.so\n'}
[9.214744] (rosbot_interfaces) StdoutLine: {'line': b'-- Set non-toolchain portion of runtime path of "/root/ros2_RSSI_Heatmap/install/rosbot_interfaces/lib/librosbot_interfaces__rosidl_typesupport_fastrtps_cpp.so" to ""\n'}
[9.214766] (rosbot_interfaces) StdoutLine: {'line': b'-- Up-to-date: /root/ros2_RSSI_Heatmap/install/rosbot_interfaces/include/rosbot_interfaces/rosbot_interfaces\n'}
[9.214792] (rosbot_interfaces) StdoutLine: {'line': b'-- Up-to-date: /root/ros2_RSSI_Heatmap/install/rosbot_interfaces/include/rosbot_interfaces/rosbot_interfaces/msg\n'}
[9.214822] (rosbot_interfaces) StdoutLine: {'line': b'-- Up-to-date: /root/ros2_RSSI_Heatmap/install/rosbot_interfaces/include/rosbot_interfaces/rosbot_interfaces/msg/detail\n'}
[9.214849] (rosbot_interfaces) StdoutLine: {'line': b'-- Installing: /root/ros2_RSSI_Heatmap/install/rosbot_interfaces/include/rosbot_interfaces/rosbot_interfaces/msg/detail/rssi_at_waypoint__rosidl_typesupport_introspection_c.h\n'}
[9.214876] (rosbot_interfaces) StdoutLine: {'line': b'-- Installing: /root/ros2_RSSI_Heatmap/install/rosbot_interfaces/include/rosbot_interfaces/rosbot_interfaces/msg/detail/rssi_at_waypoint__type_support.c\n'}
[9.214902] (rosbot_interfaces) StdoutLine: {'line': b'-- Installing: /root/ros2_RSSI_Heatmap/install/rosbot_interfaces/include/rosbot_interfaces/rosbot_interfaces/msg/rosidl_typesupport_introspection_c__visibility_control.h\n'}
[9.214923] (rosbot_interfaces) StdoutLine: {'line': b'-- Installing: /root/ros2_RSSI_Heatmap/install/rosbot_interfaces/lib/librosbot_interfaces__rosidl_typesupport_introspection_c.so\n'}
[9.214950] (rosbot_interfaces) StdoutLine: {'line': b'-- Set non-toolchain portion of runtime path of "/root/ros2_RSSI_Heatmap/install/rosbot_interfaces/lib/librosbot_interfaces__rosidl_typesupport_introspection_c.so" to ""\n'}
[9.214978] (rosbot_interfaces) StdoutLine: {'line': b'-- Installing: /root/ros2_RSSI_Heatmap/install/rosbot_interfaces/lib/librosbot_interfaces__rosidl_typesupport_c.so\n'}
[9.215004] (rosbot_interfaces) StdoutLine: {'line': b'-- Set non-toolchain portion of runtime path of "/root/ros2_RSSI_Heatmap/install/rosbot_interfaces/lib/librosbot_interfaces__rosidl_typesupport_c.so" to ""\n'}
[9.215031] (rosbot_interfaces) StdoutLine: {'line': b'-- Up-to-date: /root/ros2_RSSI_Heatmap/install/rosbot_interfaces/include/rosbot_interfaces/rosbot_interfaces\n'}
[9.215056] (rosbot_interfaces) StdoutLine: {'line': b'-- Up-to-date: /root/ros2_RSSI_Heatmap/install/rosbot_interfaces/include/rosbot_interfaces/rosbot_interfaces/msg\n'}
[9.215083] (rosbot_interfaces) StdoutLine: {'line': b'-- Up-to-date: /root/ros2_RSSI_Heatmap/install/rosbot_interfaces/include/rosbot_interfaces/rosbot_interfaces/msg/detail\n'}
[9.215104] (rosbot_interfaces) StdoutLine: {'line': b'-- Installing: /root/ros2_RSSI_Heatmap/install/rosbot_interfaces/include/rosbot_interfaces/rosbot_interfaces/msg/detail/rssi_at_waypoint__type_support.cpp\n'}
[9.215128] (rosbot_interfaces) StdoutLine: {'line': b'-- Installing: /root/ros2_RSSI_Heatmap/install/rosbot_interfaces/include/rosbot_interfaces/rosbot_interfaces/msg/detail/rssi_at_waypoint__rosidl_typesupport_introspection_cpp.hpp\n'}
[9.215154] (rosbot_interfaces) StdoutLine: {'line': b'-- Installing: /root/ros2_RSSI_Heatmap/install/rosbot_interfaces/lib/librosbot_interfaces__rosidl_typesupport_introspection_cpp.so\n'}
[9.215177] (rosbot_interfaces) StdoutLine: {'line': b'-- Set non-toolchain portion of runtime path of "/root/ros2_RSSI_Heatmap/install/rosbot_interfaces/lib/librosbot_interfaces__rosidl_typesupport_introspection_cpp.so" to ""\n'}
[9.215202] (rosbot_interfaces) StdoutLine: {'line': b'-- Installing: /root/ros2_RSSI_Heatmap/install/rosbot_interfaces/lib/librosbot_interfaces__rosidl_typesupport_cpp.so\n'}
[9.215231] (rosbot_interfaces) StdoutLine: {'line': b'-- Set non-toolchain portion of runtime path of "/root/ros2_RSSI_Heatmap/install/rosbot_interfaces/lib/librosbot_interfaces__rosidl_typesupport_cpp.so" to ""\n'}
[9.215255] (rosbot_interfaces) StdoutLine: {'line': b'-- Installing: /root/ros2_RSSI_Heatmap/install/rosbot_interfaces/share/rosbot_interfaces/environment/pythonpath.sh\n'}
[9.215277] (rosbot_interfaces) StdoutLine: {'line': b'-- Installing: /root/ros2_RSSI_Heatmap/install/rosbot_interfaces/share/rosbot_interfaces/environment/pythonpath.dsv\n'}
[9.215297] (rosbot_interfaces) StdoutLine: {'line': b'-- Installing: /root/ros2_RSSI_Heatmap/install/rosbot_interfaces/lib/python3.12/site-packages/rosbot_interfaces-1.0.0-py3.12.egg-info\n'}
[9.215317] (rosbot_interfaces) StdoutLine: {'line': b'-- Installing: /root/ros2_RSSI_Heatmap/install/rosbot_interfaces/lib/python3.12/site-packages/rosbot_interfaces-1.0.0-py3.12.egg-info/SOURCES.txt\n'}
[9.215337] (rosbot_interfaces) StdoutLine: {'line': b'-- Installing: /root/ros2_RSSI_Heatmap/install/rosbot_interfaces/lib/python3.12/site-packages/rosbot_interfaces-1.0.0-py3.12.egg-info/dependency_links.txt\n'}
[9.215356] (rosbot_interfaces) StdoutLine: {'line': b'-- Installing: /root/ros2_RSSI_Heatmap/install/rosbot_interfaces/lib/python3.12/site-packages/rosbot_interfaces-1.0.0-py3.12.egg-info/top_level.txt\n'}
[9.215377] (rosbot_interfaces) StdoutLine: {'line': b'-- Installing: /root/ros2_RSSI_Heatmap/install/rosbot_interfaces/lib/python3.12/site-packages/rosbot_interfaces-1.0.0-py3.12.egg-info/PKG-INFO\n'}
[9.215397] (rosbot_interfaces) StdoutLine: {'line': b'-- Installing: /root/ros2_RSSI_Heatmap/install/rosbot_interfaces/lib/python3.12/site-packages/rosbot_interfaces\n'}
[9.215416] (rosbot_interfaces) StdoutLine: {'line': b'-- Installing: /root/ros2_RSSI_Heatmap/install/rosbot_interfaces/lib/python3.12/site-packages/rosbot_interfaces/msg\n'}
[9.215436] (rosbot_interfaces) StdoutLine: {'line': b'-- Installing: /root/ros2_RSSI_Heatmap/install/rosbot_interfaces/lib/python3.12/site-packages/rosbot_interfaces/msg/_rssi_at_waypoint_s.c\n'}
[9.215455] (rosbot_interfaces) StdoutLine: {'line': b'-- Installing: /root/ros2_RSSI_Heatmap/install/rosbot_interfaces/lib/python3.12/site-packages/rosbot_interfaces/msg/__init__.py\n'}
[9.215475] (rosbot_interfaces) StdoutLine: {'line': b'-- Installing: /root/ros2_RSSI_Heatmap/install/rosbot_interfaces/lib/python3.12/site-packages/rosbot_interfaces/msg/_rssi_at_waypoint.py\n'}
[9.215502] (rosbot_interfaces) StdoutLine: {'line': b'-- Installing: /root/ros2_RSSI_Heatmap/install/rosbot_interfaces/lib/python3.12/site-packages/rosbot_interfaces/__init__.py\n'}
[9.215522] (rosbot_interfaces) StdoutLine: {'line': b'-- Installing: /root/ros2_RSSI_Heatmap/install/rosbot_interfaces/lib/python3.12/site-packages/rosbot_interfaces/rosbot_interfaces_s__rosidl_typesupport_fastrtps_c.so\n'}
[9.215542] (rosbot_interfaces) StdoutLine: {'line': b'-- Installing: /root/ros2_RSSI_Heatmap/install/rosbot_interfaces/lib/python3.12/site-packages/rosbot_interfaces/rosbot_interfaces_s__rosidl_typesupport_c.so\n'}
[9.215561] (rosbot_interfaces) StdoutLine: {'line': b'-- Installing: /root/ros2_RSSI_Heatmap/install/rosbot_interfaces/lib/python3.12/site-packages/rosbot_interfaces/_rosbot_interfaces_s.ep.rosidl_typesupport_fastrtps_c.c\n'}
[9.215580] (rosbot_interfaces) StdoutLine: {'line': b'-- Installing: /root/ros2_RSSI_Heatmap/install/rosbot_interfaces/lib/python3.12/site-packages/rosbot_interfaces/_rosbot_interfaces_s.ep.rosidl_typesupport_c.c\n'}
[9.215601] (rosbot_interfaces) StdoutLine: {'line': b'-- Installing: /root/ros2_RSSI_Heatmap/install/rosbot_interfaces/lib/python3.12/site-packages/rosbot_interfaces/_rosbot_interfaces_s.ep.rosidl_typesupport_introspection_c.c\n'}
[9.215620] (rosbot_interfaces) StdoutLine: {'line': b'-- Installing: /root/ros2_RSSI_Heatmap/install/rosbot_interfaces/lib/python3.12/site-packages/rosbot_interfaces/rosbot_interfaces_s__rosidl_typesupport_introspection_c.so\n'}
[9.245019] (-) TimerEvent: {}
[9.248123] (rosbot_interfaces) StdoutLine: {'line': b"Listing '/root/ros2_RSSI_Heatmap/install/rosbot_interfaces/lib/python3.12/site-packages/rosbot_interfaces'...\n"}
[9.248327] (rosbot_interfaces) StdoutLine: {'line': b"Compiling '/root/ros2_RSSI_Heatmap/install/rosbot_interfaces/lib/python3.12/site-packages/rosbot_interfaces/__init__.py'...\n"}
[9.248372] (rosbot_interfaces) StdoutLine: {'line': b"Listing '/root/ros2_RSSI_Heatmap/install/rosbot_interfaces/lib/python3.12/site-packages/rosbot_interfaces/msg'...\n"}
[9.248401] (rosbot_interfaces) StdoutLine: {'line': b"Compiling '/root/ros2_RSSI_Heatmap/install/rosbot_interfaces/lib/python3.12/site-packages/rosbot_interfaces/msg/__init__.py'...\n"}
[9.248428] (rosbot_interfaces) StdoutLine: {'line': b"Compiling '/root/ros2_RSSI_Heatmap/install/rosbot_interfaces/lib/python3.12/site-packages/rosbot_interfaces/msg/_rssi_at_waypoint.py'...\n"}
[9.257784] (rosbot_interfaces) StdoutLine: {'line': b'-- Installing: /root/ros2_RSSI_Heatmap/install/rosbot_interfaces/lib/python3.12/site-packages/rosbot_interfaces/rosbot_interfaces_s__rosidl_typesupport_fastrtps_c.so\n'}
[9.258045] (rosbot_interfaces) StdoutLine: {'line': b'-- Set non-toolchain portion of runtime path of "/root/ros2_RSSI_Heatmap/install/rosbot_interfaces/lib/python3.12/site-packages/rosbot_interfaces/rosbot_interfaces_s__rosidl_typesupport_fastrtps_c.so" to ""\n'}
[9.258090] (rosbot_interfaces) StdoutLine: {'line': b'-- Installing: /root/ros2_RSSI_Heatmap/install/rosbot_interfaces/lib/python3.12/site-packages/rosbot_interfaces/rosbot_interfaces_s__rosidl_typesupport_introspection_c.so\n'}
[9.258124] (rosbot_interfaces) StdoutLine: {'line': b'-- Set non-toolchain portion of runtime path of "/root/ros2_RSSI_Heatmap/install/rosbot_interfaces/lib/python3.12/site-packages/rosbot_interfaces/rosbot_interfaces_s__rosidl_typesupport_introspection_c.so" to ""\n'}
[9.258168] (rosbot_interfaces) StdoutLine: {'line': b'-- Installing: /root/ros2_RSSI_Heatmap/install/rosbot_interfaces/lib/python3.12/site-packages/rosbot_interfaces/rosbot_interfaces_s__rosidl_typesupport_c.so\n'}
[9.259492] (rosbot_interfaces) StdoutLine: {'line': b'-- Set non-toolchain portion of runtime path of "/root/ros2_RSSI_Heatmap/install/rosbot_interfaces/lib/python3.12/site-packages/rosbot_interfaces/rosbot_interfaces_s__rosidl_typesupport_c.so" to ""\n'}
[9.259668] (rosbot_interfaces) StdoutLine: {'line': b'-- Installing: /root/ros2_RSSI_Heatmap/install/rosbot_interfaces/lib/librosbot_interfaces__rosidl_generator_py.so\n'}
[9.259713] (rosbot_interfaces) StdoutLine: {'line': b'-- Set non-toolchain portion of runtime path of "/root/ros2_RSSI_Heatmap/install/rosbot_interfaces/lib/librosbot_interfaces__rosidl_generator_py.so" to ""\n'}
[9.259765] (rosbot_interfaces) StdoutLine: {'line': b'-- Installing: /root/ros2_RSSI_Heatmap/install/rosbot_interfaces/share/ament_index/resource_index/rust_packages/rosbot_interfaces\n'}
[9.259802] (rosbot_interfaces) StdoutLine: {'line': b'-- Installing: /root/ros2_RSSI_Heatmap/install/rosbot_interfaces/share/rosbot_interfaces/rust\n'}
[9.259842] (rosbot_interfaces) StdoutLine: {'line': b'-- Installing: /root/ros2_RSSI_Heatmap/install/rosbot_interfaces/share/rosbot_interfaces/rust/src\n'}
[9.259875] (rosbot_interfaces) StdoutLine: {'line': b'-- Installing: /root/ros2_RSSI_Heatmap/install/rosbot_interfaces/share/rosbot_interfaces/rust/src/msg\n'}
[9.259908] (rosbot_interfaces) StdoutLine: {'line': b'-- Installing: /root/ros2_RSSI_Heatmap/install/rosbot_interfaces/share/rosbot_interfaces/rust/src/msg/rmw.rs\n'}
[9.259939] (rosbot_interfaces) StdoutLine: {'line': b'-- Installing: /root/ros2_RSSI_Heatmap/install/rosbot_interfaces/share/rosbot_interfaces/rust/src/lib.rs\n'}
[9.259973] (rosbot_interfaces) StdoutLine: {'line': b'-- Installing: /root/ros2_RSSI_Heatmap/install/rosbot_interfaces/share/rosbot_interfaces/rust/src/msg.rs\n'}
[9.260003] (rosbot_interfaces) StdoutLine: {'line': b'-- Installing: /root/ros2_RSSI_Heatmap/install/rosbot_interfaces/share/rosbot_interfaces/rust/Cargo.toml\n'}
[9.260034] (rosbot_interfaces) StdoutLine: {'line': b'-- Installing: /root/ros2_RSSI_Heatmap/install/rosbot_interfaces/share/rosbot_interfaces/rust/build.rs\n'}
[9.260064] (rosbot_interfaces) StdoutLine: {'line': b'-- Installing: /root/ros2_RSSI_Heatmap/install/rosbot_interfaces/share/rosbot_interfaces/msg/RssiAtWaypoint.idl\n'}
[9.260095] (rosbot_interfaces) StdoutLine: {'line': b'-- Installing: /root/ros2_RSSI_Heatmap/install/rosbot_interfaces/share/rosbot_interfaces/msg/RssiAtWaypoint.msg\n'}
[9.260125] (rosbot_interfaces) StdoutLine: {'line': b'-- Installing: /root/ros2_RSSI_Heatmap/install/rosbot_interfaces/share/ament_index/resource_index/package_run_dependencies/rosbot_interfaces\n'}
[9.260156] (rosbot_interfaces) StdoutLine: {'line': b'-- Installing: /root/ros2_RSSI_Heatmap/install/rosbot_interfaces/share/ament_index/resource_index/parent_prefix_path/rosbot_interfaces\n'}
[9.260187] (rosbot_interfaces) StdoutLine: {'line': b'-- Installing: /root/ros2_RSSI_Heatmap/install/rosbot_interfaces/share/rosbot_interfaces/environment/ament_prefix_path.sh\n'}
[9.260218] (rosbot_interfaces) StdoutLine: {'line': b'-- Installing: /root/ros2_RSSI_Heatmap/install/rosbot_interfaces/share/rosbot_interfaces/environment/ament_prefix_path.dsv\n'}
[9.260248] (rosbot_interfaces) StdoutLine: {'line': b'-- Installing: /root/ros2_RSSI_Heatmap/install/rosbot_interfaces/share/rosbot_interfaces/environment/path.sh\n'}
[9.260279] (rosbot_interfaces) StdoutLine: {'line': b'-- Installing: /root/ros2_RSSI_Heatmap/install/rosbot_interfaces/share/rosbot_interfaces/environment/path.dsv\n'}
[9.260309] (rosbot_interfaces) StdoutLine: {'line': b'-- Installing: /root/ros2_RSSI_Heatmap/install/rosbot_interfaces/share/rosbot_interfaces/local_setup.bash\n'}
[9.260339] (rosbot_interfaces) StdoutLine: {'line': b'-- Installing: /root/ros2_RSSI_Heatmap/install/rosbot_interfaces/share/rosbot_interfaces/local_setup.sh\n'}
[9.260370] (rosbot_interfaces) StdoutLine: {'line': b'-- Installing: /root/ros2_RSSI_Heatmap/install/rosbot_interfaces/share/rosbot_interfaces/local_setup.zsh\n'}
[9.260400] (rosbot_interfaces) StdoutLine: {'line': b'-- Installing: /root/ros2_RSSI_Heatmap/install/rosbot_interfaces/share/rosbot_interfaces/local_setup.dsv\n'}
[9.260430] (rosbot_interfaces) StdoutLine: {'line': b'-- Installing: /root/ros2_RSSI_Heatmap/install/rosbot_interfaces/share/rosbot_interfaces/package.dsv\n'}
[9.260461] (rosbot_interfaces) StdoutLine: {'line': b'-- Installing: /root/ros2_RSSI_Heatmap/install/rosbot_interfaces/share/ament_index/resource_index/packages/rosbot_interfaces\n'}
[9.260493] (rosbot_interfaces) StdoutLine: {'line': b'-- Installing: /root/ros2_RSSI_Heatmap/install/rosbot_interfaces/share/rosbot_interfaces/cmake/export_rosbot_interfaces__rosidl_generator_cExport.cmake\n'}
[9.260526] (rosbot_interfaces) StdoutLine: {'line': b'-- Installing: /root/ros2_RSSI_Heatmap/install/rosbot_interfaces/share/rosbot_interfaces/cmake/export_rosbot_interfaces__rosidl_generator_cExport-noconfig.cmake\n'}
[9.260557] (rosbot_interfaces) StdoutLine: {'line': b'-- Installing: /root/ros2_RSSI_Heatmap/install/rosbot_interfaces/share/rosbot_interfaces/cmake/export_rosbot_interfaces__rosidl_typesupport_fastrtps_cExport.cmake\n'}
[9.260588] (rosbot_interfaces) StdoutLine: {'line': b'-- Installing: /root/ros2_RSSI_Heatmap/install/rosbot_interfaces/share/rosbot_interfaces/cmake/export_rosbot_interfaces__rosidl_typesupport_fastrtps_cExport-noconfig.cmake\n'}
[9.260620] (rosbot_interfaces) StdoutLine: {'line': b'-- Installing: /root/ros2_RSSI_Heatmap/install/rosbot_interfaces/share/rosbot_interfaces/cmake/export_rosbot_interfaces__rosidl_generator_cppExport.cmake\n'}
[9.260658] (rosbot_interfaces) StdoutLine: {'line': b'-- Installing: /root/ros2_RSSI_Heatmap/install/rosbot_interfaces/share/rosbot_interfaces/cmake/export_rosbot_interfaces__rosidl_typesupport_fastrtps_cppExport.cmake\n'}
[9.260689] (rosbot_interfaces) StdoutLine: {'line': b'-- Installing: /root/ros2_RSSI_Heatmap/install/rosbot_interfaces/share/rosbot_interfaces/cmake/export_rosbot_interfaces__rosidl_typesupport_fastrtps_cppExport-noconfig.cmake\n'}
[9.260792] (rosbot_interfaces) StdoutLine: {'line': b'-- Installing: /root/ros2_RSSI_Heatmap/install/rosbot_interfaces/share/rosbot_interfaces/cmake/rosbot_interfaces__rosidl_typesupport_introspection_cExport.cmake\n'}
[9.260850] (rosbot_interfaces) StdoutLine: {'line': b'-- Installing: /root/ros2_RSSI_Heatmap/install/rosbot_interfaces/share/rosbot_interfaces/cmake/rosbot_interfaces__rosidl_typesupport_introspection_cExport-noconfig.cmake\n'}
[9.260882] (rosbot_interfaces) StdoutLine: {'line': b'-- Installing: /root/ros2_RSSI_Heatmap/install/rosbot_interfaces/share/rosbot_interfaces/cmake/rosbot_interfaces__rosidl_typesupport_cExport.cmake\n'}
[9.260912] (rosbot_interfaces) StdoutLine: {'line': b'-- Installing: /root/ros2_RSSI_Heatmap/install/rosbot_interfaces/share/rosbot_interfaces/cmake/rosbot_interfaces__rosidl_typesupport_cExport-noconfig.cmake\n'}
[9.260942] (rosbot_interfaces) StdoutLine: {'line': b'-- Installing: /root/ros2_RSSI_Heatmap/install/rosbot_interfaces/share/rosbot_interfaces/cmake/rosbot_interfaces__rosidl_typesupport_introspection_cppExport.cmake\n'}
[9.260974] (rosbot_interfaces) StdoutLine: {'line': b'-- Installing: /root/ros2_RSSI_Heatmap/install/rosbot_interfaces/share/rosbot_interfaces/cmake/rosbot_interfaces__rosidl_typesupport_introspection_cppExport-noconfig.cmake\n'}
[9.261006] (rosbot_interfaces) StdoutLine: {'line': b'-- Installing: /root/ros2_RSSI_Heatmap/install/rosbot_interfaces/share/rosbot_interfaces/cmake/rosbot_interfaces__rosidl_typesupport_cppExport.cmake\n'}
[9.261036] (rosbot_interfaces) StdoutLine: {'line': b'-- Installing: /root/ros2_RSSI_Heatmap/install/rosbot_interfaces/share/rosbot_interfaces/cmake/rosbot_interfaces__rosidl_typesupport_cppExport-noconfig.cmake\n'}
[9.261066] (rosbot_interfaces) StdoutLine: {'line': b'-- Installing: /root/ros2_RSSI_Heatmap/install/rosbot_interfaces/share/rosbot_interfaces/cmake/export_rosbot_interfaces__rosidl_generator_pyExport.cmake\n'}
[9.261097] (rosbot_interfaces) StdoutLine: {'line': b'-- Installing: /root/ros2_RSSI_Heatmap/install/rosbot_interfaces/share/rosbot_interfaces/cmake/export_rosbot_interfaces__rosidl_generator_pyExport-noconfig.cmake\n'}
[9.261127] (rosbot_interfaces) StdoutLine: {'line': b'-- Installing: /root/ros2_RSSI_Heatmap/install/rosbot_interfaces/share/rosbot_interfaces/cmake/rosidl_cmake-extras.cmake\n'}
[9.261157] (rosbot_interfaces) StdoutLine: {'line': b'-- Installing: /root/ros2_RSSI_Heatmap/install/rosbot_interfaces/share/rosbot_interfaces/cmake/ament_cmake_export_dependencies-extras.cmake\n'}
[9.261187] (rosbot_interfaces) StdoutLine: {'line': b'-- Installing: /root/ros2_RSSI_Heatmap/install/rosbot_interfaces/share/rosbot_interfaces/cmake/ament_cmake_export_include_directories-extras.cmake\n'}
[9.261218] (rosbot_interfaces) StdoutLine: {'line': b'-- Installing: /root/ros2_RSSI_Heatmap/install/rosbot_interfaces/share/rosbot_interfaces/cmake/ament_cmake_export_libraries-extras.cmake\n'}
[9.261250] (rosbot_interfaces) StdoutLine: {'line': b'-- Installing: /root/ros2_RSSI_Heatmap/install/rosbot_interfaces/share/rosbot_interfaces/cmake/ament_cmake_export_targets-extras.cmake\n'}
[9.261279] (rosbot_interfaces) StdoutLine: {'line': b'-- Installing: /root/ros2_RSSI_Heatmap/install/rosbot_interfaces/share/rosbot_interfaces/cmake/rosidl_cmake_export_typesupport_targets-extras.cmake\n'}
[9.261310] (rosbot_interfaces) StdoutLine: {'line': b'-- Installing: /root/ros2_RSSI_Heatmap/install/rosbot_interfaces/share/rosbot_interfaces/cmake/rosidl_cmake_export_typesupport_libraries-extras.cmake\n'}
[9.261341] (rosbot_interfaces) StdoutLine: {'line': b'-- Installing: /root/ros2_RSSI_Heatmap/install/rosbot_interfaces/share/rosbot_interfaces/cmake/rosidl_cmake_aggregate_target-extras.cmake\n'}
[9.261374] (rosbot_interfaces) StdoutLine: {'line': b'-- Installing: /root/ros2_RSSI_Heatmap/install/rosbot_interfaces/share/rosbot_interfaces/cmake/rosbot_interfacesConfig.cmake\n'}
[9.261403] (rosbot_interfaces) StdoutLine: {'line': b'-- Installing: /root/ros2_RSSI_Heatmap/install/rosbot_interfaces/share/rosbot_interfaces/cmake/rosbot_interfacesConfig-version.cmake\n'}
[9.261433] (rosbot_interfaces) StdoutLine: {'line': b'-- Installing: /root/ros2_RSSI_Heatmap/install/rosbot_interfaces/share/rosbot_interfaces/package.xml\n'}
[9.264880] (rosbot_interfaces) CommandEnded: {'returncode': 0}
[9.279037] (rosbot_interfaces) JobEnded: {'identifier': 'rosbot_interfaces', 'rc': 0}
[9.279618] (nav2_read_rssi_at_waypoint) JobStarted: {'identifier': 'nav2_read_rssi_at_waypoint'}
[9.282985] (rssi_heatmap_generator_package) JobStarted: {'identifier': 'rssi_heatmap_generator_package'}
[9.288616] (nav2_read_rssi_at_waypoint) JobProgress: {'identifier': 'nav2_read_rssi_at_waypoint', 'progress': 'cmake'}
[9.289859] (nav2_read_rssi_at_waypoint) Command: {'cmd': ['/usr/bin/cmake', '/root/ros2_RSSI_Heatmap/src/nav2_read_rssi_at_waypoint_plugin', '-DCMAKE_INSTALL_PREFIX=/root/ros2_RSSI_Heatmap/install/nav2_read_rssi_at_waypoint'], 'cwd': '/root/ros2_RSSI_Heatmap/build/nav2_read_rssi_at_waypoint', 'env': OrderedDict({'TMUX': '/tmp/tmux-0/default,1712,0', 'GZ_SIM_RESOURCE_PATH': '/opt/ros/jazzy/share', 'GZ_CONFIG_PATH': '/opt/ros/jazzy/opt/gz_sim_vendor/share/gz:/opt/ros/jazzy/opt/sdformat_vendor/share/gz:/opt/ros/jazzy/opt/gz_gui_vendor/share/gz:/opt/ros/jazzy/opt/gz_transport_vendor/share/gz:/opt/ros/jazzy/opt/gz_rendering_vendor/share/gz:/opt/ros/jazzy/opt/gz_plugin_vendor/share/gz:/opt/ros/jazzy/opt/gz_fuel_tools_vendor/share/gz:/opt/ros/jazzy/opt/gz_msgs_vendor/share/gz:/opt/ros/jazzy/opt/gz_common_vendor/share/gz', 'HOSTNAME': 'denver', 'SHLVL': '2', 'LD_LIBRARY_PATH': '/root/ros2_RSSI_Heatmap/install/rosbot_interfaces/lib:/opt/ros/jazzy/opt/gz_sim_vendor/lib:/opt/ros/jazzy/opt/gz_sensors_vendor/lib:/opt/ros/jazzy/opt/gz_physics_vendor/lib:/opt/ros/jazzy/opt/sdformat_vendor/lib:/opt/ros/jazzy/opt/rviz_ogre_vendor/lib:/opt/ros/jazzy/lib/x86_64-linux-gnu:/opt/ros/jazzy/opt/gz_gui_vendor/lib:/opt/ros/jazzy/opt/gz_transport_vendor/lib:/opt/ros/jazzy/opt/gz_rendering_vendor/lib:/opt/ros/jazzy/opt/gz_plugin_vendor/lib:/opt/ros/jazzy/opt/gz_fuel_tools_vendor/lib:/opt/ros/jazzy/opt/gz_msgs_vendor/lib:/opt/ros/jazzy/opt/gz_common_vendor/lib:/opt/ros/jazzy/opt/gz_math_vendor/lib:/opt/ros/jazzy/opt/gz_utils_vendor/lib:/opt/ros/jazzy/opt/gz_tools_vendor/lib:/opt/ros/jazzy/opt/gz_ogre_next_vendor/lib:/opt/ros/jazzy/opt/gz_dartsim_vendor/lib:/opt/ros/jazzy/opt/gz_cmake_vendor/lib:/opt/ros/jazzy/lib', 'HOME': '/root', 'OLDPWD': '/root', 'TERM_PROGRAM_VERSION': '3.4', 'ROS_PYTHON_VERSION': '3', 'COLCON_PREFIX_PATH': '/root/turtlebot3_ws/install', 'ROS_DISTRO': 'jazzy', '_': '/usr/bin/colcon', 'ROS_VERSION': '2', 'TERM': 'screen-256color', 'PATH': '/opt/ros/jazzy/opt/gz_msgs_vendor/bin:/opt/ros/jazzy/opt/gz_tools_vendor/bin:/opt/ros/jazzy/opt/gz_ogre_next_vendor/bin:/opt/ros/jazzy/bin:/usr/local/sbin:/usr/local/bin:/usr/sbin:/usr/bin:/sbin:/bin', 'GZ_PARTITION': 'signalscout_container', 'DISPLAY': ':1', 'LANG': 'C.UTF-8', 'LS_COLORS': 'rs=0:di=01;34:ln=01;36:mh=00:pi=40;33:so=01;35:do=01;35:bd=40;33;01:cd=40;33;01:or=40;31;01:mi=00:su=37;41:sg=30;43:ca=00:tw=30;42:ow=34;42:st=37;44:ex=01;32:*.tar=01;31:*.tgz=01;31:*.arc=01;31:*.arj=01;31:*.taz=01;31:*.lha=01;31:*.lz4=01;31:*.lzh=01;31:*.lzma=01;31:*.tlz=01;31:*.txz=01;31:*.tzo=01;31:*.t7z=01;31:*.zip=01;31:*.z=01;31:*.dz=01;31:*.gz=01;31:*.lrz=01;31:*.lz=01;31:*.lzo=01;31:*.xz=01;31:*.zst=01;31:*.tzst=01;31:*.bz2=01;31:*.bz=01;31:*.tbz=01;31:*.tbz2=01;31:*.tz=01;31:*.deb=01;31:*.rpm=01;31:*.jar=01;31:*.war=01;31:*.ear=01;31:*.sar=01;31:*.rar=01;31:*.alz=01;31:*.ace=01;31:*.zoo=01;31:*.cpio=01;31:*.7z=01;31:*.rz=01;31:*.cab=01;31:*.wim=01;31:*.swm=01;31:*.dwm=01;31:*.esd=01;31:*.avif=01;35:*.jpg=01;35:*.jpeg=01;35:*.mjpg=01;35:*.mjpeg=01;35:*.gif=01;35:*.bmp=01;35:*.pbm=01;35:*.pgm=01;35:*.ppm=01;35:*.tga=01;35:*.xbm=01;35:*.xpm=01;35:*.tif=01;35:*.tiff=01;35:*.png=01;35:*.svg=01;35:*.svgz=01;35:*.mng=01;35:*.pcx=01;35:*.mov=01;35:*.mpg=01;35:*.mpeg=01;35:*.m2v=01;35:*.mkv=01;35:*.webm=01;35:*.webp=01;35:*.ogm=01;35:*.mp4=01;35:*.m4v=01;35:*.mp4v=01;35:*.vob=01;35:*.qt=01;35:*.nuv=01;35:*.wmv=01;35:*.asf=01;35:*.rm=01;35:*.rmvb=01;35:*.flc=01;35:*.avi=01;35:*.fli=01;35:*.flv=01;35:*.gl=01;35:*.dl=01;35:*.xcf=01;35:*.xwd=01;35:*.yuv=01;35:*.cgm=01;35:*.emf=01;35:*.ogv=01;35:*.ogx=01;35:*.aac=00;36:*.au=00;36:*.flac=00;36:*.m4a=00;36:*.mid=00;36:*.midi=00;36:*.mka=00;36:*.mp3=00;36:*.mpc=00;36:*.ogg=00;36:*.ra=00;36:*.wav=00;36:*.oga=00;36:*.opus=00;36:*.spx=00;36:*.xspf=00;36:*~=00;90:*#=00;90:*.bak=00;90:*.crdownload=00;90:*.dpkg-dist=00;90:*.dpkg-new=00;90:*.dpkg-old=00;90:*.dpkg-tmp=00;90:*.old=00;90:*.orig=00;90:*.part=00;90:*.rej=00;90:*.rpmnew=00;90:*.rpmorig=00;90:*.rpmsave=00;90:*.swp=00;90:*.tmp=00;90:*.ucf-dist=00;90:*.ucf-new=00;90:*.ucf-old=00;90:', 'TERM_PROGRAM': 'tmux', 'AMENT_PREFIX_PATH': '/root/ros2_RSSI_Heatmap/install/rosbot_interfaces:/root/turtlebot3_ws/install/turtlebot3:/root/turtlebot3_ws/install/turtlebot3_teleop:/root/turtlebot3_ws/install/turtlebot3_simulations:/root/turtlebot3_ws/install/turtlebot3_bringup:/root/turtlebot3_ws/install/turtlebot3_node:/root/turtlebot3_ws/install/turtlebot3_navigation2:/root/turtlebot3_ws/install/turtlebot3_gazebo:/root/turtlebot3_ws/install/turtlebot3_fake_node:/root/turtlebot3_ws/install/turtlebot3_example:/root/turtlebot3_ws/install/turtlebot3_description:/root/turtlebot3_ws/install/turtlebot3_cartographer:/opt/ros/jazzy', 'DEBIAN_FRONTEND': 'noninteractive', 'SHELL': '/bin/bash', 'ROS_AUTOMATIC_DISCOVERY_RANGE': 'SUBNET', 'PWD': '/root/ros2_RSSI_Heatmap/build/nav2_read_rssi_at_waypoint', 'TURTLEBOT3_MODEL': 'waffle', 'LC_ALL': 'C.UTF-8', 'PYTHONPATH': '/root/ros2_RSSI_Heatmap/install/rosbot_interfaces/lib/python3.12/site-packages:/root/turtlebot3_ws/build/turtlebot3_teleop:/root/turtlebot3_ws/install/turtlebot3_teleop/lib/python3.12/site-packages:/root/turtlebot3_ws/build/turtlebot3_example:/root/turtlebot3_ws/install/turtlebot3_example/lib/python3.12/site-packages:/opt/ros/jazzy/lib/python3.12/site-packages', 'COLCON': '1', 'TMUX_PANE': '%9', 'CMAKE_PREFIX_PATH': '/root/ros2_RSSI_Heatmap/install/rosbot_interfaces:/root/turtlebot3_ws/install/turtlebot3:/root/turtlebot3_ws/install/turtlebot3_simulations:/root/turtlebot3_ws/install/turtlebot3_bringup:/root/turtlebot3_ws/install/turtlebot3_node:/root/turtlebot3_ws/install/turtlebot3_navigation2:/root/turtlebot3_ws/install/turtlebot3_gazebo:/root/turtlebot3_ws/install/turtlebot3_fake_node:/root/turtlebot3_ws/install/turtlebot3_description:/root/turtlebot3_ws/install/turtlebot3_cartographer:/opt/ros/jazzy/opt/gz_sim_vendor:/opt/ros/jazzy/opt/gz_sensors_vendor:/opt/ros/jazzy/opt/gz_physics_vendor:/opt/ros/jazzy/opt/sdformat_vendor:/opt/ros/jazzy/opt/gz_gui_vendor:/opt/ros/jazzy/opt/gz_transport_vendor:/opt/ros/jazzy/opt/gz_rendering_vendor:/opt/ros/jazzy/opt/gz_plugin_vendor:/opt/ros/jazzy/opt/gz_fuel_tools_vendor:/opt/ros/jazzy/opt/gz_msgs_vendor:/opt/ros/jazzy/opt/gz_common_vendor:/opt/ros/jazzy/opt/gz_math_vendor:/opt/ros/jazzy/opt/gz_utils_vendor:/opt/ros/jazzy/opt/gz_tools_vendor:/opt/ros/jazzy/opt/gz_ogre_next_vendor:/opt/ros/jazzy/opt/gz_dartsim_vendor:/opt/ros/jazzy/opt/gz_cmake_vendor:/root/turtlebot3_ws/install/turtlebot3_teleop:/root/turtlebot3_ws/install/turtlebot3_example:/opt/ros/jazzy'}), 'shell': False}
[9.335959] (nav2_read_rssi_at_waypoint) StdoutLine: {'line': b'-- The C compiler identification is GNU 13.3.0\n'}
[9.345875] (-) TimerEvent: {}
[9.385503] (nav2_read_rssi_at_waypoint) StdoutLine: {'line': b'-- The CXX compiler identification is GNU 13.3.0\n'}
[9.404277] (nav2_read_rssi_at_waypoint) StdoutLine: {'line': b'-- Detecting C compiler ABI info\n'}
[9.446883] (-) TimerEvent: {}
[9.487543] (nav2_read_rssi_at_waypoint) StdoutLine: {'line': b'-- Detecting C compiler ABI info - done\n'}
[9.494600] (nav2_read_rssi_at_waypoint) StdoutLine: {'line': b'-- Check for working C compiler: /usr/bin/cc - skipped\n'}
[9.496830] (nav2_read_rssi_at_waypoint) StdoutLine: {'line': b'-- Detecting C compile features\n'}
[9.496988] (nav2_read_rssi_at_waypoint) StdoutLine: {'line': b'-- Detecting C compile features - done\n'}
[9.504234] (nav2_read_rssi_at_waypoint) StdoutLine: {'line': b'-- Detecting CXX compiler ABI info\n'}
[9.547641] (-) TimerEvent: {}
[9.594712] (nav2_read_rssi_at_waypoint) StdoutLine: {'line': b'-- Detecting CXX compiler ABI info - done\n'}
[9.603057] (nav2_read_rssi_at_waypoint) StdoutLine: {'line': b'-- Check for working CXX compiler: /usr/bin/c++ - skipped\n'}
[9.603339] (nav2_read_rssi_at_waypoint) StdoutLine: {'line': b'-- Detecting CXX compile features\n'}
[9.604300] (nav2_read_rssi_at_waypoint) StdoutLine: {'line': b'-- Detecting CXX compile features - done\n'}
[9.608582] (nav2_read_rssi_at_waypoint) StdoutLine: {'line': b'-- Found ament_cmake: 2.5.6 (/opt/ros/jazzy/share/ament_cmake/cmake)\n'}
[9.647755] (-) TimerEvent: {}
[9.747549] (nav2_read_rssi_at_waypoint) StdoutLine: {'line': b'-- Found Python3: /usr/bin/python3 (found version "3.12.3") found components: Interpreter \n'}
[9.747734] (-) TimerEvent: {}
[9.831318] (rssi_heatmap_generator_package) Command: {'cmd': ['/usr/bin/python3', '-W', 'ignore:setup.py install is deprecated', '-W', 'ignore:easy_install command is deprecated', 'setup.py', 'egg_info', '--egg-base', '../../build/rssi_heatmap_generator_package', 'build', '--build-base', '/root/ros2_RSSI_Heatmap/build/rssi_heatmap_generator_package/build', 'install', '--record', '/root/ros2_RSSI_Heatmap/build/rssi_heatmap_generator_package/install.log', '--install-scripts', '$base/lib/rssi_heatmap_generator_package', '--single-version-externally-managed', 'install_data'], 'cwd': '/root/ros2_RSSI_Heatmap/src/rssi_heatmap_generator_package', 'env': {'TMUX': '/tmp/tmux-0/default,1712,0', 'GZ_SIM_RESOURCE_PATH': '/opt/ros/jazzy/share', 'GZ_CONFIG_PATH': '/opt/ros/jazzy/opt/gz_sim_vendor/share/gz:/opt/ros/jazzy/opt/sdformat_vendor/share/gz:/opt/ros/jazzy/opt/gz_gui_vendor/share/gz:/opt/ros/jazzy/opt/gz_transport_vendor/share/gz:/opt/ros/jazzy/opt/gz_rendering_vendor/share/gz:/opt/ros/jazzy/opt/gz_plugin_vendor/share/gz:/opt/ros/jazzy/opt/gz_fuel_tools_vendor/share/gz:/opt/ros/jazzy/opt/gz_msgs_vendor/share/gz:/opt/ros/jazzy/opt/gz_common_vendor/share/gz', 'HOSTNAME': 'denver', 'SHLVL': '2', 'LD_LIBRARY_PATH': '/root/ros2_RSSI_Heatmap/install/rosbot_interfaces/lib:/opt/ros/jazzy/opt/gz_sim_vendor/lib:/opt/ros/jazzy/opt/gz_sensors_vendor/lib:/opt/ros/jazzy/opt/gz_physics_vendor/lib:/opt/ros/jazzy/opt/sdformat_vendor/lib:/opt/ros/jazzy/opt/rviz_ogre_vendor/lib:/opt/ros/jazzy/lib/x86_64-linux-gnu:/opt/ros/jazzy/opt/gz_gui_vendor/lib:/opt/ros/jazzy/opt/gz_transport_vendor/lib:/opt/ros/jazzy/opt/gz_rendering_vendor/lib:/opt/ros/jazzy/opt/gz_plugin_vendor/lib:/opt/ros/jazzy/opt/gz_fuel_tools_vendor/lib:/opt/ros/jazzy/opt/gz_msgs_vendor/lib:/opt/ros/jazzy/opt/gz_common_vendor/lib:/opt/ros/jazzy/opt/gz_math_vendor/lib:/opt/ros/jazzy/opt/gz_utils_vendor/lib:/opt/ros/jazzy/opt/gz_tools_vendor/lib:/opt/ros/jazzy/opt/gz_ogre_next_vendor/lib:/opt/ros/jazzy/opt/gz_dartsim_vendor/lib:/opt/ros/jazzy/opt/gz_cmake_vendor/lib:/opt/ros/jazzy/lib', 'HOME': '/root', 'OLDPWD': '/root', 'TERM_PROGRAM_VERSION': '3.4', 'ROS_PYTHON_VERSION': '3', 'COLCON_PREFIX_PATH': '/root/turtlebot3_ws/install', 'ROS_DISTRO': 'jazzy', '_': '/usr/bin/colcon', 'ROS_VERSION': '2', 'TERM': 'screen-256color', 'PATH': '/opt/ros/jazzy/opt/gz_msgs_vendor/bin:/opt/ros/jazzy/opt/gz_tools_vendor/bin:/opt/ros/jazzy/opt/gz_ogre_next_vendor/bin:/opt/ros/jazzy/bin:/usr/local/sbin:/usr/local/bin:/usr/sbin:/usr/bin:/sbin:/bin', 'GZ_PARTITION': 'signalscout_container', 'DISPLAY': ':1', 'LANG': 'C.UTF-8', 'LS_COLORS': 'rs=0:di=01;34:ln=01;36:mh=00:pi=40;33:so=01;35:do=01;35:bd=40;33;01:cd=40;33;01:or=40;31;01:mi=00:su=37;41:sg=30;43:ca=00:tw=30;42:ow=34;42:st=37;44:ex=01;32:*.tar=01;31:*.tgz=01;31:*.arc=01;31:*.arj=01;31:*.taz=01;31:*.lha=01;31:*.lz4=01;31:*.lzh=01;31:*.lzma=01;31:*.tlz=01;31:*.txz=01;31:*.tzo=01;31:*.t7z=01;31:*.zip=01;31:*.z=01;31:*.dz=01;31:*.gz=01;31:*.lrz=01;31:*.lz=01;31:*.lzo=01;31:*.xz=01;31:*.zst=01;31:*.tzst=01;31:*.bz2=01;31:*.bz=01;31:*.tbz=01;31:*.tbz2=01;31:*.tz=01;31:*.deb=01;31:*.rpm=01;31:*.jar=01;31:*.war=01;31:*.ear=01;31:*.sar=01;31:*.rar=01;31:*.alz=01;31:*.ace=01;31:*.zoo=01;31:*.cpio=01;31:*.7z=01;31:*.rz=01;31:*.cab=01;31:*.wim=01;31:*.swm=01;31:*.dwm=01;31:*.esd=01;31:*.avif=01;35:*.jpg=01;35:*.jpeg=01;35:*.mjpg=01;35:*.mjpeg=01;35:*.gif=01;35:*.bmp=01;35:*.pbm=01;35:*.pgm=01;35:*.ppm=01;35:*.tga=01;35:*.xbm=01;35:*.xpm=01;35:*.tif=01;35:*.tiff=01;35:*.png=01;35:*.svg=01;35:*.svgz=01;35:*.mng=01;35:*.pcx=01;35:*.mov=01;35:*.mpg=01;35:*.mpeg=01;35:*.m2v=01;35:*.mkv=01;35:*.webm=01;35:*.webp=01;35:*.ogm=01;35:*.mp4=01;35:*.m4v=01;35:*.mp4v=01;35:*.vob=01;35:*.qt=01;35:*.nuv=01;35:*.wmv=01;35:*.asf=01;35:*.rm=01;35:*.rmvb=01;35:*.flc=01;35:*.avi=01;35:*.fli=01;35:*.flv=01;35:*.gl=01;35:*.dl=01;35:*.xcf=01;35:*.xwd=01;35:*.yuv=01;35:*.cgm=01;35:*.emf=01;35:*.ogv=01;35:*.ogx=01;35:*.aac=00;36:*.au=00;36:*.flac=00;36:*.m4a=00;36:*.mid=00;36:*.midi=00;36:*.mka=00;36:*.mp3=00;36:*.mpc=00;36:*.ogg=00;36:*.ra=00;36:*.wav=00;36:*.oga=00;36:*.opus=00;36:*.spx=00;36:*.xspf=00;36:*~=00;90:*#=00;90:*.bak=00;90:*.crdownload=00;90:*.dpkg-dist=00;90:*.dpkg-new=00;90:*.dpkg-old=00;90:*.dpkg-tmp=00;90:*.old=00;90:*.orig=00;90:*.part=00;90:*.rej=00;90:*.rpmnew=00;90:*.rpmorig=00;90:*.rpmsave=00;90:*.swp=00;90:*.tmp=00;90:*.ucf-dist=00;90:*.ucf-new=00;90:*.ucf-old=00;90:', 'TERM_PROGRAM': 'tmux', 'AMENT_PREFIX_PATH': '/root/ros2_RSSI_Heatmap/install/rosbot_interfaces:/root/turtlebot3_ws/install/turtlebot3:/root/turtlebot3_ws/install/turtlebot3_teleop:/root/turtlebot3_ws/install/turtlebot3_simulations:/root/turtlebot3_ws/install/turtlebot3_bringup:/root/turtlebot3_ws/install/turtlebot3_node:/root/turtlebot3_ws/install/turtlebot3_navigation2:/root/turtlebot3_ws/install/turtlebot3_gazebo:/root/turtlebot3_ws/install/turtlebot3_fake_node:/root/turtlebot3_ws/install/turtlebot3_example:/root/turtlebot3_ws/install/turtlebot3_description:/root/turtlebot3_ws/install/turtlebot3_cartographer:/opt/ros/jazzy', 'DEBIAN_FRONTEND': 'noninteractive', 'SHELL': '/bin/bash', 'ROS_AUTOMATIC_DISCOVERY_RANGE': 'SUBNET', 'PWD': '/root/ros2_RSSI_Heatmap/build/rssi_heatmap_generator_package', 'TURTLEBOT3_MODEL': 'waffle', 'LC_ALL': 'C.UTF-8', 'PYTHONPATH': '/root/ros2_RSSI_Heatmap/build/rssi_heatmap_generator_package/prefix_override:/usr/lib/python3/dist-packages/colcon_core/task/python/colcon_distutils_commands:/root/ros2_RSSI_Heatmap/install/rssi_heatmap_generator_package/lib/python3.12/site-packages:/root/ros2_RSSI_Heatmap/install/rosbot_interfaces/lib/python3.12/site-packages:/root/turtlebot3_ws/build/turtlebot3_teleop:/root/turtlebot3_ws/install/turtlebot3_teleop/lib/python3.12/site-packages:/root/turtlebot3_ws/build/turtlebot3_example:/root/turtlebot3_ws/install/turtlebot3_example/lib/python3.12/site-packages:/opt/ros/jazzy/lib/python3.12/site-packages', 'COLCON': '1', 'TMUX_PANE': '%9', 'CMAKE_PREFIX_PATH': '/root/ros2_RSSI_Heatmap/install/rosbot_interfaces:/root/turtlebot3_ws/install/turtlebot3:/root/turtlebot3_ws/install/turtlebot3_simulations:/root/turtlebot3_ws/install/turtlebot3_bringup:/root/turtlebot3_ws/install/turtlebot3_node:/root/turtlebot3_ws/install/turtlebot3_navigation2:/root/turtlebot3_ws/install/turtlebot3_gazebo:/root/turtlebot3_ws/install/turtlebot3_fake_node:/root/turtlebot3_ws/install/turtlebot3_description:/root/turtlebot3_ws/install/turtlebot3_cartographer:/opt/ros/jazzy/opt/gz_sim_vendor:/opt/ros/jazzy/opt/gz_sensors_vendor:/opt/ros/jazzy/opt/gz_physics_vendor:/opt/ros/jazzy/opt/sdformat_vendor:/opt/ros/jazzy/opt/gz_gui_vendor:/opt/ros/jazzy/opt/gz_transport_vendor:/opt/ros/jazzy/opt/gz_rendering_vendor:/opt/ros/jazzy/opt/gz_plugin_vendor:/opt/ros/jazzy/opt/gz_fuel_tools_vendor:/opt/ros/jazzy/opt/gz_msgs_vendor:/opt/ros/jazzy/opt/gz_common_vendor:/opt/ros/jazzy/opt/gz_math_vendor:/opt/ros/jazzy/opt/gz_utils_vendor:/opt/ros/jazzy/opt/gz_tools_vendor:/opt/ros/jazzy/opt/gz_ogre_next_vendor:/opt/ros/jazzy/opt/gz_dartsim_vendor:/opt/ros/jazzy/opt/gz_cmake_vendor'}, 'shell': False}
[9.848999] (-) TimerEvent: {}
[9.875646] (nav2_read_rssi_at_waypoint) StdoutLine: {'line': b'-- Found rclcpp: 28.1.21 (/opt/ros/jazzy/share/rclcpp/cmake)\n'}
[9.925120] (nav2_read_rssi_at_waypoint) StdoutLine: {'line': b'-- Found rosidl_generator_c: 4.6.9 (/opt/ros/jazzy/share/rosidl_generator_c/cmake)\n'}
[9.940999] (nav2_read_rssi_at_waypoint) StdoutLine: {'line': b'-- Found rosidl_generator_cpp: 4.6.9 (/opt/ros/jazzy/share/rosidl_generator_cpp/cmake)\n'}
[9.949758] (-) TimerEvent: {}
[9.962112] (nav2_read_rssi_at_waypoint) StdoutLine: {'line': b'-- Using all available rosidl_typesupport_c: rosidl_typesupport_fastrtps_c;rosidl_typesupport_introspection_c\n'}
[9.980475] (nav2_read_rssi_at_waypoint) StdoutLine: {'line': b'-- Using all available rosidl_typesupport_cpp: rosidl_typesupport_fastrtps_cpp;rosidl_typesupport_introspection_cpp\n'}
[9.998875] (rssi_heatmap_generator_package) StdoutLine: {'line': b'running egg_info\n'}
[9.999387] (rssi_heatmap_generator_package) StdoutLine: {'line': b'creating ../../build/rssi_heatmap_generator_package/rssi_heatmap_generator_package.egg-info\n'}
[10.008666] (rssi_heatmap_generator_package) StdoutLine: {'line': b'writing ../../build/rssi_heatmap_generator_package/rssi_heatmap_generator_package.egg-info/PKG-INFO\n'}
[10.008801] (rssi_heatmap_generator_package) StdoutLine: {'line': b'writing dependency_links to ../../build/rssi_heatmap_generator_package/rssi_heatmap_generator_package.egg-info/dependency_links.txt\n'}
[10.008845] (rssi_heatmap_generator_package) StdoutLine: {'line': b'writing entry points to ../../build/rssi_heatmap_generator_package/rssi_heatmap_generator_package.egg-info/entry_points.txt\n'}
[10.008873] (rssi_heatmap_generator_package) StdoutLine: {'line': b'writing requirements to ../../build/rssi_heatmap_generator_package/rssi_heatmap_generator_package.egg-info/requires.txt\n'}
[10.008899] (rssi_heatmap_generator_package) StdoutLine: {'line': b'writing top-level names to ../../build/rssi_heatmap_generator_package/rssi_heatmap_generator_package.egg-info/top_level.txt\n'}
[10.008929] (rssi_heatmap_generator_package) StdoutLine: {'line': b"writing manifest file '../../build/rssi_heatmap_generator_package/rssi_heatmap_generator_package.egg-info/SOURCES.txt'\n"}
[10.029147] (rssi_heatmap_generator_package) StdoutLine: {'line': b"reading manifest file '../../build/rssi_heatmap_generator_package/rssi_heatmap_generator_package.egg-info/SOURCES.txt'\n"}
[10.029616] (rssi_heatmap_generator_package) StdoutLine: {'line': b"writing manifest file '../../build/rssi_heatmap_generator_package/rssi_heatmap_generator_package.egg-info/SOURCES.txt'\n"}
[10.029777] (rssi_heatmap_generator_package) StdoutLine: {'line': b'running build\n'}
[10.029815] (rssi_heatmap_generator_package) StdoutLine: {'line': b'running build_py\n'}
[10.029968] (rssi_heatmap_generator_package) StdoutLine: {'line': b'creating /root/ros2_RSSI_Heatmap/build/rssi_heatmap_generator_package/build\n'}
[10.030047] (rssi_heatmap_generator_package) StdoutLine: {'line': b'creating /root/ros2_RSSI_Heatmap/build/rssi_heatmap_generator_package/build/lib\n'}
[10.030085] (rssi_heatmap_generator_package) StdoutLine: {'line': b'creating /root/ros2_RSSI_Heatmap/build/rssi_heatmap_generator_package/build/lib/rssi_heatmap_generator_package\n'}
[10.030120] (rssi_heatmap_generator_package) StdoutLine: {'line': b'copying rssi_heatmap_generator_package/__init__.py -> /root/ros2_RSSI_Heatmap/build/rssi_heatmap_generator_package/build/lib/rssi_heatmap_generator_package\n'}
[10.030199] (rssi_heatmap_generator_package) StdoutLine: {'line': b'copying rssi_heatmap_generator_package/node.py -> /root/ros2_RSSI_Heatmap/build/rssi_heatmap_generator_package/build/lib/rssi_heatmap_generator_package\n'}
[10.030577] (rssi_heatmap_generator_package) StdoutLine: {'line': b'creating /root/ros2_RSSI_Heatmap/build/rssi_heatmap_generator_package/build/lib/rssi_heatmap_generator_package/submodules\n'}
[10.030632] (rssi_heatmap_generator_package) StdoutLine: {'line': b'copying rssi_heatmap_generator_package/submodules/__init__.py -> /root/ros2_RSSI_Heatmap/build/rssi_heatmap_generator_package/build/lib/rssi_heatmap_generator_package/submodules\n'}
[10.030666] (rssi_heatmap_generator_package) StdoutLine: {'line': b'copying rssi_heatmap_generator_package/submodules/generate_heatmap.py -> /root/ros2_RSSI_Heatmap/build/rssi_heatmap_generator_package/build/lib/rssi_heatmap_generator_package/submodules\n'}
[10.030912] (rssi_heatmap_generator_package) StdoutLine: {'line': b'running install\n'}
[10.037033] (rssi_heatmap_generator_package) StdoutLine: {'line': b'running install_lib\n'}
[10.045980] (rssi_heatmap_generator_package) StdoutLine: {'line': b'creating /root/ros2_RSSI_Heatmap/install/rssi_heatmap_generator_package/lib/python3.12/site-packages/rssi_heatmap_generator_package\n'}
[10.046245] (rssi_heatmap_generator_package) StdoutLine: {'line': b'copying /root/ros2_RSSI_Heatmap/build/rssi_heatmap_generator_package/build/lib/rssi_heatmap_generator_package/__init__.py -> /root/ros2_RSSI_Heatmap/install/rssi_heatmap_generator_package/lib/python3.12/site-packages/rssi_heatmap_generator_package\n'}
[10.046292] (rssi_heatmap_generator_package) StdoutLine: {'line': b'creating /root/ros2_RSSI_Heatmap/install/rssi_heatmap_generator_package/lib/python3.12/site-packages/rssi_heatmap_generator_package/submodules\n'}
[10.046334] (rssi_heatmap_generator_package) StdoutLine: {'line': b'copying /root/ros2_RSSI_Heatmap/build/rssi_heatmap_generator_package/build/lib/rssi_heatmap_generator_package/submodules/__init__.py -> /root/ros2_RSSI_Heatmap/install/rssi_heatmap_generator_package/lib/python3.12/site-packages/rssi_heatmap_generator_package/submodules\n'}
[10.046364] (rssi_heatmap_generator_package) StdoutLine: {'line': b'copying /root/ros2_RSSI_Heatmap/build/rssi_heatmap_generator_package/build/lib/rssi_heatmap_generator_package/submodules/generate_heatmap.py -> /root/ros2_RSSI_Heatmap/install/rssi_heatmap_generator_package/lib/python3.12/site-packages/rssi_heatmap_generator_package/submodules\n'}
[10.046393] (rssi_heatmap_generator_package) StdoutLine: {'line': b'copying /root/ros2_RSSI_Heatmap/build/rssi_heatmap_generator_package/build/lib/rssi_heatmap_generator_package/node.py -> /root/ros2_RSSI_Heatmap/install/rssi_heatmap_generator_package/lib/python3.12/site-packages/rssi_heatmap_generator_package\n'}
[10.046731] (rssi_heatmap_generator_package) StdoutLine: {'line': b'byte-compiling /root/ros2_RSSI_Heatmap/install/rssi_heatmap_generator_package/lib/python3.12/site-packages/rssi_heatmap_generator_package/__init__.py to __init__.cpython-312.pyc\n'}
[10.046967] (rssi_heatmap_generator_package) StdoutLine: {'line': b'byte-compiling /root/ros2_RSSI_Heatmap/install/rssi_heatmap_generator_package/lib/python3.12/site-packages/rssi_heatmap_generator_package/submodules/__init__.py to __init__.cpython-312.pyc\n'}
[10.047058] (rssi_heatmap_generator_package) StdoutLine: {'line': b'byte-compiling /root/ros2_RSSI_Heatmap/install/rssi_heatmap_generator_package/lib/python3.12/site-packages/rssi_heatmap_generator_package/submodules/generate_heatmap.py to generate_heatmap.cpython-312.pyc\n'}
[10.048058] (rssi_heatmap_generator_package) StdoutLine: {'line': b'byte-compiling /root/ros2_RSSI_Heatmap/install/rssi_heatmap_generator_package/lib/python3.12/site-packages/rssi_heatmap_generator_package/node.py to node.cpython-312.pyc\n'}
[10.048646] (rssi_heatmap_generator_package) StdoutLine: {'line': b'running install_data\n'}
[10.048719] (rssi_heatmap_generator_package) StdoutLine: {'line': b'creating /root/ros2_RSSI_Heatmap/install/rssi_heatmap_generator_package/share/ament_index\n'}
[10.048765] (rssi_heatmap_generator_package) StdoutLine: {'line': b'creating /root/ros2_RSSI_Heatmap/install/rssi_heatmap_generator_package/share/ament_index/resource_index\n'}
[10.048816] (rssi_heatmap_generator_package) StdoutLine: {'line': b'creating /root/ros2_RSSI_Heatmap/install/rssi_heatmap_generator_package/share/ament_index/resource_index/packages\n'}
[10.048868] (rssi_heatmap_generator_package) StdoutLine: {'line': b'copying resource/rssi_heatmap_generator_package -> /root/ros2_RSSI_Heatmap/install/rssi_heatmap_generator_package/share/ament_index/resource_index/packages\n'}
[10.048907] (rssi_heatmap_generator_package) StdoutLine: {'line': b'copying package.xml -> /root/ros2_RSSI_Heatmap/install/rssi_heatmap_generator_package/share/rssi_heatmap_generator_package\n'}
[10.048952] (rssi_heatmap_generator_package) StdoutLine: {'line': b'running install_egg_info\n'}
[10.051374] (-) TimerEvent: {}
[10.060848] (rssi_heatmap_generator_package) StdoutLine: {'line': b'Copying ../../build/rssi_heatmap_generator_package/rssi_heatmap_generator_package.egg-info to /root/ros2_RSSI_Heatmap/install/rssi_heatmap_generator_package/lib/python3.12/site-packages/rssi_heatmap_generator_package-1.0.0-py3.12.egg-info\n'}
[10.061356] (rssi_heatmap_generator_package) StdoutLine: {'line': b'running install_scripts\n'}
[10.094160] (nav2_read_rssi_at_waypoint) StdoutLine: {'line': b'-- Found rmw_implementation_cmake: 7.3.3 (/opt/ros/jazzy/share/rmw_implementation_cmake/cmake)\n'}
[10.103796] (nav2_read_rssi_at_waypoint) StdoutLine: {'line': b'-- Found rmw_fastrtps_cpp: 8.4.4 (/opt/ros/jazzy/share/rmw_fastrtps_cpp/cmake)\n'}
[10.134489] (rssi_heatmap_generator_package) StdoutLine: {'line': b'Installing node script to /root/ros2_RSSI_Heatmap/install/rssi_heatmap_generator_package/lib/rssi_heatmap_generator_package\n'}
[10.134739] (rssi_heatmap_generator_package) StdoutLine: {'line': b"writing list of installed files to '/root/ros2_RSSI_Heatmap/build/rssi_heatmap_generator_package/install.log'\n"}
[10.152557] (-) TimerEvent: {}
[10.183735] (rssi_heatmap_generator_package) CommandEnded: {'returncode': 0}
[10.186413] (rssi_heatmap_generator_package) JobEnded: {'identifier': 'rssi_heatmap_generator_package', 'rc': 0}
[10.221994] (nav2_read_rssi_at_waypoint) StdoutLine: {'line': b'-- Found OpenSSL: /usr/lib/x86_64-linux-gnu/libcrypto.so (found version "3.0.13")  \n'}
[10.245753] (nav2_read_rssi_at_waypoint) StdoutLine: {'line': b'-- Found FastRTPS: /opt/ros/jazzy/include (Required is at least version "2.13") \n'}
[10.252726] (-) TimerEvent: {}
[10.270182] (nav2_read_rssi_at_waypoint) StdoutLine: {'line': b"-- Using RMW implementation 'rmw_fastrtps_cpp' as default\n"}
[10.352831] (-) TimerEvent: {}
[10.379968] (nav2_read_rssi_at_waypoint) StdoutLine: {'line': b'-- Found rclcpp_action: 28.1.21 (/opt/ros/jazzy/share/rclcpp_action/cmake)\n'}
[10.438739] (nav2_read_rssi_at_waypoint) StdoutLine: {'line': b'-- Found rclcpp_lifecycle: 28.1.21 (/opt/ros/jazzy/share/rclcpp_lifecycle/cmake)\n'}
[10.453932] (-) TimerEvent: {}
[10.489299] (nav2_read_rssi_at_waypoint) StdoutLine: {'line': b'-- Found nav2_util: 1.3.12 (/opt/ros/jazzy/share/nav2_util/cmake)\n'}
[10.554893] (-) TimerEvent: {}
[10.655235] (-) TimerEvent: {}
[10.755636] (nav2_read_rssi_at_waypoint) StdoutLine: {'line': b'-- Found eigen3_cmake_module: 0.3.1 (/opt/ros/jazzy/share/eigen3_cmake_module/cmake)\n'}
[10.755825] (-) TimerEvent: {}
[10.755919] (nav2_read_rssi_at_waypoint) StdoutLine: {'line': b'-- Found Eigen3: TRUE (found version "3.4.0") \n'}
[10.755999] (nav2_read_rssi_at_waypoint) StdoutLine: {'line': b'-- Ensuring Eigen3 include directory is part of orocos-kdl CMake target\n'}
[10.856101] (-) TimerEvent: {}
[10.878157] (nav2_read_rssi_at_waypoint) StdoutLine: {'line': b'-- Found nav2_core: 1.3.12 (/opt/ros/jazzy/share/nav2_core/cmake)\n'}
[10.957484] (-) TimerEvent: {}
[11.057905] (-) TimerEvent: {}
[11.110033] (nav2_read_rssi_at_waypoint) StdoutLine: {'line': b'-- Found rosbot_interfaces: 1.0.0 (/root/ros2_RSSI_Heatmap/install/rosbot_interfaces/share/rosbot_interfaces/cmake)\n'}
[11.158880] (-) TimerEvent: {}
[11.235762] (nav2_read_rssi_at_waypoint) StdoutLine: {'line': b'-- Configuring done (1.9s)\n'}
[11.259051] (-) TimerEvent: {}
[11.359725] (-) TimerEvent: {}
[11.380878] (nav2_read_rssi_at_waypoint) StdoutLine: {'line': b'-- Generating done (0.1s)\n'}
[11.385612] (nav2_read_rssi_at_waypoint) StdoutLine: {'line': b'-- Build files have been written to: /root/ros2_RSSI_Heatmap/build/nav2_read_rssi_at_waypoint\n'}
[11.398855] (nav2_read_rssi_at_waypoint) CommandEnded: {'returncode': 0}
[11.399642] (nav2_read_rssi_at_waypoint) JobProgress: {'identifier': 'nav2_read_rssi_at_waypoint', 'progress': 'build'}
[11.400864] (nav2_read_rssi_at_waypoint) Command: {'cmd': ['/usr/bin/cmake', '--build', '/root/ros2_RSSI_Heatmap/build/nav2_read_rssi_at_waypoint', '--', '-j16', '-l16'], 'cwd': '/root/ros2_RSSI_Heatmap/build/nav2_read_rssi_at_waypoint', 'env': OrderedDict({'TMUX': '/tmp/tmux-0/default,1712,0', 'GZ_SIM_RESOURCE_PATH': '/opt/ros/jazzy/share', 'GZ_CONFIG_PATH': '/opt/ros/jazzy/opt/gz_sim_vendor/share/gz:/opt/ros/jazzy/opt/sdformat_vendor/share/gz:/opt/ros/jazzy/opt/gz_gui_vendor/share/gz:/opt/ros/jazzy/opt/gz_transport_vendor/share/gz:/opt/ros/jazzy/opt/gz_rendering_vendor/share/gz:/opt/ros/jazzy/opt/gz_plugin_vendor/share/gz:/opt/ros/jazzy/opt/gz_fuel_tools_vendor/share/gz:/opt/ros/jazzy/opt/gz_msgs_vendor/share/gz:/opt/ros/jazzy/opt/gz_common_vendor/share/gz', 'HOSTNAME': 'denver', 'SHLVL': '2', 'LD_LIBRARY_PATH': '/root/ros2_RSSI_Heatmap/install/rosbot_interfaces/lib:/opt/ros/jazzy/opt/gz_sim_vendor/lib:/opt/ros/jazzy/opt/gz_sensors_vendor/lib:/opt/ros/jazzy/opt/gz_physics_vendor/lib:/opt/ros/jazzy/opt/sdformat_vendor/lib:/opt/ros/jazzy/opt/rviz_ogre_vendor/lib:/opt/ros/jazzy/lib/x86_64-linux-gnu:/opt/ros/jazzy/opt/gz_gui_vendor/lib:/opt/ros/jazzy/opt/gz_transport_vendor/lib:/opt/ros/jazzy/opt/gz_rendering_vendor/lib:/opt/ros/jazzy/opt/gz_plugin_vendor/lib:/opt/ros/jazzy/opt/gz_fuel_tools_vendor/lib:/opt/ros/jazzy/opt/gz_msgs_vendor/lib:/opt/ros/jazzy/opt/gz_common_vendor/lib:/opt/ros/jazzy/opt/gz_math_vendor/lib:/opt/ros/jazzy/opt/gz_utils_vendor/lib:/opt/ros/jazzy/opt/gz_tools_vendor/lib:/opt/ros/jazzy/opt/gz_ogre_next_vendor/lib:/opt/ros/jazzy/opt/gz_dartsim_vendor/lib:/opt/ros/jazzy/opt/gz_cmake_vendor/lib:/opt/ros/jazzy/lib', 'HOME': '/root', 'OLDPWD': '/root', 'TERM_PROGRAM_VERSION': '3.4', 'ROS_PYTHON_VERSION': '3', 'COLCON_PREFIX_PATH': '/root/turtlebot3_ws/install', 'ROS_DISTRO': 'jazzy', '_': '/usr/bin/colcon', 'ROS_VERSION': '2', 'TERM': 'screen-256color', 'PATH': '/opt/ros/jazzy/opt/gz_msgs_vendor/bin:/opt/ros/jazzy/opt/gz_tools_vendor/bin:/opt/ros/jazzy/opt/gz_ogre_next_vendor/bin:/opt/ros/jazzy/bin:/usr/local/sbin:/usr/local/bin:/usr/sbin:/usr/bin:/sbin:/bin', 'GZ_PARTITION': 'signalscout_container', 'DISPLAY': ':1', 'LANG': 'C.UTF-8', 'LS_COLORS': 'rs=0:di=01;34:ln=01;36:mh=00:pi=40;33:so=01;35:do=01;35:bd=40;33;01:cd=40;33;01:or=40;31;01:mi=00:su=37;41:sg=30;43:ca=00:tw=30;42:ow=34;42:st=37;44:ex=01;32:*.tar=01;31:*.tgz=01;31:*.arc=01;31:*.arj=01;31:*.taz=01;31:*.lha=01;31:*.lz4=01;31:*.lzh=01;31:*.lzma=01;31:*.tlz=01;31:*.txz=01;31:*.tzo=01;31:*.t7z=01;31:*.zip=01;31:*.z=01;31:*.dz=01;31:*.gz=01;31:*.lrz=01;31:*.lz=01;31:*.lzo=01;31:*.xz=01;31:*.zst=01;31:*.tzst=01;31:*.bz2=01;31:*.bz=01;31:*.tbz=01;31:*.tbz2=01;31:*.tz=01;31:*.deb=01;31:*.rpm=01;31:*.jar=01;31:*.war=01;31:*.ear=01;31:*.sar=01;31:*.rar=01;31:*.alz=01;31:*.ace=01;31:*.zoo=01;31:*.cpio=01;31:*.7z=01;31:*.rz=01;31:*.cab=01;31:*.wim=01;31:*.swm=01;31:*.dwm=01;31:*.esd=01;31:*.avif=01;35:*.jpg=01;35:*.jpeg=01;35:*.mjpg=01;35:*.mjpeg=01;35:*.gif=01;35:*.bmp=01;35:*.pbm=01;35:*.pgm=01;35:*.ppm=01;35:*.tga=01;35:*.xbm=01;35:*.xpm=01;35:*.tif=01;35:*.tiff=01;35:*.png=01;35:*.svg=01;35:*.svgz=01;35:*.mng=01;35:*.pcx=01;35:*.mov=01;35:*.mpg=01;35:*.mpeg=01;35:*.m2v=01;35:*.mkv=01;35:*.webm=01;35:*.webp=01;35:*.ogm=01;35:*.mp4=01;35:*.m4v=01;35:*.mp4v=01;35:*.vob=01;35:*.qt=01;35:*.nuv=01;35:*.wmv=01;35:*.asf=01;35:*.rm=01;35:*.rmvb=01;35:*.flc=01;35:*.avi=01;35:*.fli=01;35:*.flv=01;35:*.gl=01;35:*.dl=01;35:*.xcf=01;35:*.xwd=01;35:*.yuv=01;35:*.cgm=01;35:*.emf=01;35:*.ogv=01;35:*.ogx=01;35:*.aac=00;36:*.au=00;36:*.flac=00;36:*.m4a=00;36:*.mid=00;36:*.midi=00;36:*.mka=00;36:*.mp3=00;36:*.mpc=00;36:*.ogg=00;36:*.ra=00;36:*.wav=00;36:*.oga=00;36:*.opus=00;36:*.spx=00;36:*.xspf=00;36:*~=00;90:*#=00;90:*.bak=00;90:*.crdownload=00;90:*.dpkg-dist=00;90:*.dpkg-new=00;90:*.dpkg-old=00;90:*.dpkg-tmp=00;90:*.old=00;90:*.orig=00;90:*.part=00;90:*.rej=00;90:*.rpmnew=00;90:*.rpmorig=00;90:*.rpmsave=00;90:*.swp=00;90:*.tmp=00;90:*.ucf-dist=00;90:*.ucf-new=00;90:*.ucf-old=00;90:', 'TERM_PROGRAM': 'tmux', 'AMENT_PREFIX_PATH': '/root/ros2_RSSI_Heatmap/install/rosbot_interfaces:/root/turtlebot3_ws/install/turtlebot3:/root/turtlebot3_ws/install/turtlebot3_teleop:/root/turtlebot3_ws/install/turtlebot3_simulations:/root/turtlebot3_ws/install/turtlebot3_bringup:/root/turtlebot3_ws/install/turtlebot3_node:/root/turtlebot3_ws/install/turtlebot3_navigation2:/root/turtlebot3_ws/install/turtlebot3_gazebo:/root/turtlebot3_ws/install/turtlebot3_fake_node:/root/turtlebot3_ws/install/turtlebot3_example:/root/turtlebot3_ws/install/turtlebot3_description:/root/turtlebot3_ws/install/turtlebot3_cartographer:/opt/ros/jazzy', 'DEBIAN_FRONTEND': 'noninteractive', 'SHELL': '/bin/bash', 'ROS_AUTOMATIC_DISCOVERY_RANGE': 'SUBNET', 'PWD': '/root/ros2_RSSI_Heatmap/build/nav2_read_rssi_at_waypoint', 'TURTLEBOT3_MODEL': 'waffle', 'LC_ALL': 'C.UTF-8', 'PYTHONPATH': '/root/ros2_RSSI_Heatmap/install/rosbot_interfaces/lib/python3.12/site-packages:/root/turtlebot3_ws/build/turtlebot3_teleop:/root/turtlebot3_ws/install/turtlebot3_teleop/lib/python3.12/site-packages:/root/turtlebot3_ws/build/turtlebot3_example:/root/turtlebot3_ws/install/turtlebot3_example/lib/python3.12/site-packages:/opt/ros/jazzy/lib/python3.12/site-packages', 'COLCON': '1', 'TMUX_PANE': '%9', 'CMAKE_PREFIX_PATH': '/root/ros2_RSSI_Heatmap/install/rosbot_interfaces:/root/turtlebot3_ws/install/turtlebot3:/root/turtlebot3_ws/install/turtlebot3_simulations:/root/turtlebot3_ws/install/turtlebot3_bringup:/root/turtlebot3_ws/install/turtlebot3_node:/root/turtlebot3_ws/install/turtlebot3_navigation2:/root/turtlebot3_ws/install/turtlebot3_gazebo:/root/turtlebot3_ws/install/turtlebot3_fake_node:/root/turtlebot3_ws/install/turtlebot3_description:/root/turtlebot3_ws/install/turtlebot3_cartographer:/opt/ros/jazzy/opt/gz_sim_vendor:/opt/ros/jazzy/opt/gz_sensors_vendor:/opt/ros/jazzy/opt/gz_physics_vendor:/opt/ros/jazzy/opt/sdformat_vendor:/opt/ros/jazzy/opt/gz_gui_vendor:/opt/ros/jazzy/opt/gz_transport_vendor:/opt/ros/jazzy/opt/gz_rendering_vendor:/opt/ros/jazzy/opt/gz_plugin_vendor:/opt/ros/jazzy/opt/gz_fuel_tools_vendor:/opt/ros/jazzy/opt/gz_msgs_vendor:/opt/ros/jazzy/opt/gz_common_vendor:/opt/ros/jazzy/opt/gz_math_vendor:/opt/ros/jazzy/opt/gz_utils_vendor:/opt/ros/jazzy/opt/gz_tools_vendor:/opt/ros/jazzy/opt/gz_ogre_next_vendor:/opt/ros/jazzy/opt/gz_dartsim_vendor:/opt/ros/jazzy/opt/gz_cmake_vendor:/root/turtlebot3_ws/install/turtlebot3_teleop:/root/turtlebot3_ws/install/turtlebot3_example:/opt/ros/jazzy'}), 'shell': False}
[11.456930] (nav2_read_rssi_at_waypoint) StdoutLine: {'line': b'[ 50%] \x1b[32mBuilding CXX object CMakeFiles/nav2_read_rssi_at_waypoint.dir/src/read_rssi_at_waypoint.cpp.o\x1b[0m\n'}
[11.459711] (-) TimerEvent: {}
[11.559890] (-) TimerEvent: {}
[11.661205] (-) TimerEvent: {}
[11.764455] (-) TimerEvent: {}
[11.864747] (-) TimerEvent: {}
[11.965222] (-) TimerEvent: {}
[12.065510] (-) TimerEvent: {}
[12.165805] (-) TimerEvent: {}
[12.266558] (-) TimerEvent: {}
[12.367488] (-) TimerEvent: {}
[12.468718] (-) TimerEvent: {}
[12.569237] (-) TimerEvent: {}
[12.670562] (-) TimerEvent: {}
[12.770945] (-) TimerEvent: {}
[12.871349] (-) TimerEvent: {}
[12.972366] (-) TimerEvent: {}
[13.072757] (-) TimerEvent: {}
[13.174344] (-) TimerEvent: {}
[13.274686] (-) TimerEvent: {}
[13.376457] (-) TimerEvent: {}
[13.476856] (-) TimerEvent: {}
[13.577451] (-) TimerEvent: {}
[13.678181] (-) TimerEvent: {}
[13.778668] (-) TimerEvent: {}
[13.880055] (-) TimerEvent: {}
[13.980587] (-) TimerEvent: {}
[14.081447] (-) TimerEvent: {}
[14.181704] (-) TimerEvent: {}
[14.282047] (-) TimerEvent: {}
[14.382534] (-) TimerEvent: {}
[14.482928] (-) TimerEvent: {}
[14.586155] (-) TimerEvent: {}
[14.686451] (-) TimerEvent: {}
[14.786715] (-) TimerEvent: {}
[14.887669] (-) TimerEvent: {}
[14.988265] (-) TimerEvent: {}
[15.088676] (-) TimerEvent: {}
[15.188950] (-) TimerEvent: {}
[15.289358] (-) TimerEvent: {}
[15.390288] (-) TimerEvent: {}
[15.490594] (-) TimerEvent: {}
[15.591477] (-) TimerEvent: {}
[15.692019] (-) TimerEvent: {}
[15.793536] (-) TimerEvent: {}
[15.893825] (-) TimerEvent: {}
[15.994104] (-) TimerEvent: {}
[16.098837] (-) TimerEvent: {}
[16.199126] (-) TimerEvent: {}
[16.299946] (-) TimerEvent: {}
[16.332519] (nav2_read_rssi_at_waypoint) StdoutLine: {'line': b'[100%] \x1b[32m\x1b[1mLinking CXX shared library libnav2_read_rssi_at_waypoint.so\x1b[0m\n'}
[16.400076] (-) TimerEvent: {}
[16.500554] (-) TimerEvent: {}
[16.601870] (-) TimerEvent: {}
[16.702200] (-) TimerEvent: {}
[16.743471] (nav2_read_rssi_at_waypoint) StdoutLine: {'line': b'[100%] Built target nav2_read_rssi_at_waypoint\n'}
[16.757728] (nav2_read_rssi_at_waypoint) CommandEnded: {'returncode': 0}
[16.758658] (nav2_read_rssi_at_waypoint) JobProgress: {'identifier': 'nav2_read_rssi_at_waypoint', 'progress': 'install'}
[16.758683] (nav2_read_rssi_at_waypoint) Command: {'cmd': ['/usr/bin/cmake', '--install', '/root/ros2_RSSI_Heatmap/build/nav2_read_rssi_at_waypoint'], 'cwd': '/root/ros2_RSSI_Heatmap/build/nav2_read_rssi_at_waypoint', 'env': OrderedDict({'TMUX': '/tmp/tmux-0/default,1712,0', 'GZ_SIM_RESOURCE_PATH': '/opt/ros/jazzy/share', 'GZ_CONFIG_PATH': '/opt/ros/jazzy/opt/gz_sim_vendor/share/gz:/opt/ros/jazzy/opt/sdformat_vendor/share/gz:/opt/ros/jazzy/opt/gz_gui_vendor/share/gz:/opt/ros/jazzy/opt/gz_transport_vendor/share/gz:/opt/ros/jazzy/opt/gz_rendering_vendor/share/gz:/opt/ros/jazzy/opt/gz_plugin_vendor/share/gz:/opt/ros/jazzy/opt/gz_fuel_tools_vendor/share/gz:/opt/ros/jazzy/opt/gz_msgs_vendor/share/gz:/opt/ros/jazzy/opt/gz_common_vendor/share/gz', 'HOSTNAME': 'denver', 'SHLVL': '2', 'LD_LIBRARY_PATH': '/root/ros2_RSSI_Heatmap/install/rosbot_interfaces/lib:/opt/ros/jazzy/opt/gz_sim_vendor/lib:/opt/ros/jazzy/opt/gz_sensors_vendor/lib:/opt/ros/jazzy/opt/gz_physics_vendor/lib:/opt/ros/jazzy/opt/sdformat_vendor/lib:/opt/ros/jazzy/opt/rviz_ogre_vendor/lib:/opt/ros/jazzy/lib/x86_64-linux-gnu:/opt/ros/jazzy/opt/gz_gui_vendor/lib:/opt/ros/jazzy/opt/gz_transport_vendor/lib:/opt/ros/jazzy/opt/gz_rendering_vendor/lib:/opt/ros/jazzy/opt/gz_plugin_vendor/lib:/opt/ros/jazzy/opt/gz_fuel_tools_vendor/lib:/opt/ros/jazzy/opt/gz_msgs_vendor/lib:/opt/ros/jazzy/opt/gz_common_vendor/lib:/opt/ros/jazzy/opt/gz_math_vendor/lib:/opt/ros/jazzy/opt/gz_utils_vendor/lib:/opt/ros/jazzy/opt/gz_tools_vendor/lib:/opt/ros/jazzy/opt/gz_ogre_next_vendor/lib:/opt/ros/jazzy/opt/gz_dartsim_vendor/lib:/opt/ros/jazzy/opt/gz_cmake_vendor/lib:/opt/ros/jazzy/lib', 'HOME': '/root', 'OLDPWD': '/root', 'TERM_PROGRAM_VERSION': '3.4', 'ROS_PYTHON_VERSION': '3', 'COLCON_PREFIX_PATH': '/root/turtlebot3_ws/install', 'ROS_DISTRO': 'jazzy', '_': '/usr/bin/colcon', 'ROS_VERSION': '2', 'TERM': 'screen-256color', 'PATH': '/opt/ros/jazzy/opt/gz_msgs_vendor/bin:/opt/ros/jazzy/opt/gz_tools_vendor/bin:/opt/ros/jazzy/opt/gz_ogre_next_vendor/bin:/opt/ros/jazzy/bin:/usr/local/sbin:/usr/local/bin:/usr/sbin:/usr/bin:/sbin:/bin', 'GZ_PARTITION': 'signalscout_container', 'DISPLAY': ':1', 'LANG': 'C.UTF-8', 'LS_COLORS': 'rs=0:di=01;34:ln=01;36:mh=00:pi=40;33:so=01;35:do=01;35:bd=40;33;01:cd=40;33;01:or=40;31;01:mi=00:su=37;41:sg=30;43:ca=00:tw=30;42:ow=34;42:st=37;44:ex=01;32:*.tar=01;31:*.tgz=01;31:*.arc=01;31:*.arj=01;31:*.taz=01;31:*.lha=01;31:*.lz4=01;31:*.lzh=01;31:*.lzma=01;31:*.tlz=01;31:*.txz=01;31:*.tzo=01;31:*.t7z=01;31:*.zip=01;31:*.z=01;31:*.dz=01;31:*.gz=01;31:*.lrz=01;31:*.lz=01;31:*.lzo=01;31:*.xz=01;31:*.zst=01;31:*.tzst=01;31:*.bz2=01;31:*.bz=01;31:*.tbz=01;31:*.tbz2=01;31:*.tz=01;31:*.deb=01;31:*.rpm=01;31:*.jar=01;31:*.war=01;31:*.ear=01;31:*.sar=01;31:*.rar=01;31:*.alz=01;31:*.ace=01;31:*.zoo=01;31:*.cpio=01;31:*.7z=01;31:*.rz=01;31:*.cab=01;31:*.wim=01;31:*.swm=01;31:*.dwm=01;31:*.esd=01;31:*.avif=01;35:*.jpg=01;35:*.jpeg=01;35:*.mjpg=01;35:*.mjpeg=01;35:*.gif=01;35:*.bmp=01;35:*.pbm=01;35:*.pgm=01;35:*.ppm=01;35:*.tga=01;35:*.xbm=01;35:*.xpm=01;35:*.tif=01;35:*.tiff=01;35:*.png=01;35:*.svg=01;35:*.svgz=01;35:*.mng=01;35:*.pcx=01;35:*.mov=01;35:*.mpg=01;35:*.mpeg=01;35:*.m2v=01;35:*.mkv=01;35:*.webm=01;35:*.webp=01;35:*.ogm=01;35:*.mp4=01;35:*.m4v=01;35:*.mp4v=01;35:*.vob=01;35:*.qt=01;35:*.nuv=01;35:*.wmv=01;35:*.asf=01;35:*.rm=01;35:*.rmvb=01;35:*.flc=01;35:*.avi=01;35:*.fli=01;35:*.flv=01;35:*.gl=01;35:*.dl=01;35:*.xcf=01;35:*.xwd=01;35:*.yuv=01;35:*.cgm=01;35:*.emf=01;35:*.ogv=01;35:*.ogx=01;35:*.aac=00;36:*.au=00;36:*.flac=00;36:*.m4a=00;36:*.mid=00;36:*.midi=00;36:*.mka=00;36:*.mp3=00;36:*.mpc=00;36:*.ogg=00;36:*.ra=00;36:*.wav=00;36:*.oga=00;36:*.opus=00;36:*.spx=00;36:*.xspf=00;36:*~=00;90:*#=00;90:*.bak=00;90:*.crdownload=00;90:*.dpkg-dist=00;90:*.dpkg-new=00;90:*.dpkg-old=00;90:*.dpkg-tmp=00;90:*.old=00;90:*.orig=00;90:*.part=00;90:*.rej=00;90:*.rpmnew=00;90:*.rpmorig=00;90:*.rpmsave=00;90:*.swp=00;90:*.tmp=00;90:*.ucf-dist=00;90:*.ucf-new=00;90:*.ucf-old=00;90:', 'TERM_PROGRAM': 'tmux', 'AMENT_PREFIX_PATH': '/root/ros2_RSSI_Heatmap/install/rosbot_interfaces:/root/turtlebot3_ws/install/turtlebot3:/root/turtlebot3_ws/install/turtlebot3_teleop:/root/turtlebot3_ws/install/turtlebot3_simulations:/root/turtlebot3_ws/install/turtlebot3_bringup:/root/turtlebot3_ws/install/turtlebot3_node:/root/turtlebot3_ws/install/turtlebot3_navigation2:/root/turtlebot3_ws/install/turtlebot3_gazebo:/root/turtlebot3_ws/install/turtlebot3_fake_node:/root/turtlebot3_ws/install/turtlebot3_example:/root/turtlebot3_ws/install/turtlebot3_description:/root/turtlebot3_ws/install/turtlebot3_cartographer:/opt/ros/jazzy', 'DEBIAN_FRONTEND': 'noninteractive', 'SHELL': '/bin/bash', 'ROS_AUTOMATIC_DISCOVERY_RANGE': 'SUBNET', 'PWD': '/root/ros2_RSSI_Heatmap/build/nav2_read_rssi_at_waypoint', 'TURTLEBOT3_MODEL': 'waffle', 'LC_ALL': 'C.UTF-8', 'PYTHONPATH': '/root/ros2_RSSI_Heatmap/install/rosbot_interfaces/lib/python3.12/site-packages:/root/turtlebot3_ws/build/turtlebot3_teleop:/root/turtlebot3_ws/install/turtlebot3_teleop/lib/python3.12/site-packages:/root/turtlebot3_ws/build/turtlebot3_example:/root/turtlebot3_ws/install/turtlebot3_example/lib/python3.12/site-packages:/opt/ros/jazzy/lib/python3.12/site-packages', 'COLCON': '1', 'TMUX_PANE': '%9', 'CMAKE_PREFIX_PATH': '/root/ros2_RSSI_Heatmap/install/rosbot_interfaces:/root/turtlebot3_ws/install/turtlebot3:/root/turtlebot3_ws/install/turtlebot3_simulations:/root/turtlebot3_ws/install/turtlebot3_bringup:/root/turtlebot3_ws/install/turtlebot3_node:/root/turtlebot3_ws/install/turtlebot3_navigation2:/root/turtlebot3_ws/install/turtlebot3_gazebo:/root/turtlebot3_ws/install/turtlebot3_fake_node:/root/turtlebot3_ws/install/turtlebot3_description:/root/turtlebot3_ws/install/turtlebot3_cartographer:/opt/ros/jazzy/opt/gz_sim_vendor:/opt/ros/jazzy/opt/gz_sensors_vendor:/opt/ros/jazzy/opt/gz_physics_vendor:/opt/ros/jazzy/opt/sdformat_vendor:/opt/ros/jazzy/opt/gz_gui_vendor:/opt/ros/jazzy/opt/gz_transport_vendor:/opt/ros/jazzy/opt/gz_rendering_vendor:/opt/ros/jazzy/opt/gz_plugin_vendor:/opt/ros/jazzy/opt/gz_fuel_tools_vendor:/opt/ros/jazzy/opt/gz_msgs_vendor:/opt/ros/jazzy/opt/gz_common_vendor:/opt/ros/jazzy/opt/gz_math_vendor:/opt/ros/jazzy/opt/gz_utils_vendor:/opt/ros/jazzy/opt/gz_tools_vendor:/opt/ros/jazzy/opt/gz_ogre_next_vendor:/opt/ros/jazzy/opt/gz_dartsim_vendor:/opt/ros/jazzy/opt/gz_cmake_vendor:/root/turtlebot3_ws/install/turtlebot3_teleop:/root/turtlebot3_ws/install/turtlebot3_example:/opt/ros/jazzy'}), 'shell': False}
[16.764845] (nav2_read_rssi_at_waypoint) StdoutLine: {'line': b'-- Install configuration: ""\n'}
[16.765019] (nav2_read_rssi_at_waypoint) StdoutLine: {'line': b'-- Installing: /root/ros2_RSSI_Heatmap/install/nav2_read_rssi_at_waypoint/share/nav2_read_rssi_at_waypoint/nav2_read_rssi_at_waypoint.xml\n'}
[16.766516] (nav2_read_rssi_at_waypoint) StdoutLine: {'line': b'-- Installing: /root/ros2_RSSI_Heatmap/install/nav2_read_rssi_at_waypoint/lib/libnav2_read_rssi_at_waypoint.so\n'}
[16.768466] (nav2_read_rssi_at_waypoint) StdoutLine: {'line': b'-- Set non-toolchain portion of runtime path of "/root/ros2_RSSI_Heatmap/install/nav2_read_rssi_at_waypoint/lib/libnav2_read_rssi_at_waypoint.so" to ""\n'}
[16.768537] (nav2_read_rssi_at_waypoint) StdoutLine: {'line': b'-- Installing: /root/ros2_RSSI_Heatmap/install/nav2_read_rssi_at_waypoint/include/\n'}
[16.768574] (nav2_read_rssi_at_waypoint) StdoutLine: {'line': b'-- Installing: /root/ros2_RSSI_Heatmap/install/nav2_read_rssi_at_waypoint/include//nav2_read_rssi_at_waypoint\n'}
[16.768603] (nav2_read_rssi_at_waypoint) StdoutLine: {'line': b'-- Installing: /root/ros2_RSSI_Heatmap/install/nav2_read_rssi_at_waypoint/include//nav2_read_rssi_at_waypoint/simulated_rssi.hpp\n'}
[16.768632] (nav2_read_rssi_at_waypoint) StdoutLine: {'line': b'-- Installing: /root/ros2_RSSI_Heatmap/install/nav2_read_rssi_at_waypoint/include//nav2_read_rssi_at_waypoint/.read_rssi_at_waypoint.hpp.swp\n'}
[16.772516] (nav2_read_rssi_at_waypoint) StdoutLine: {'line': b'-- Installing: /root/ros2_RSSI_Heatmap/install/nav2_read_rssi_at_waypoint/include//nav2_read_rssi_at_waypoint/read_rssi_at_waypoint.hpp\n'}
[16.772568] (nav2_read_rssi_at_waypoint) StdoutLine: {'line': b'-- Up-to-date: /root/ros2_RSSI_Heatmap/install/nav2_read_rssi_at_waypoint/share/nav2_read_rssi_at_waypoint/nav2_read_rssi_at_waypoint.xml\n'}
[16.772591] (nav2_read_rssi_at_waypoint) StdoutLine: {'line': b'-- Installing: /root/ros2_RSSI_Heatmap/install/nav2_read_rssi_at_waypoint/share/nav2_read_rssi_at_waypoint/environment/library_path.sh\n'}
[16.772675] (nav2_read_rssi_at_waypoint) StdoutLine: {'line': b'-- Installing: /root/ros2_RSSI_Heatmap/install/nav2_read_rssi_at_waypoint/share/nav2_read_rssi_at_waypoint/environment/library_path.dsv\n'}
[16.772724] (nav2_read_rssi_at_waypoint) StdoutLine: {'line': b'-- Installing: /root/ros2_RSSI_Heatmap/install/nav2_read_rssi_at_waypoint/share/ament_index/resource_index/package_run_dependencies/nav2_read_rssi_at_waypoint\n'}
[16.772819] (nav2_read_rssi_at_waypoint) StdoutLine: {'line': b'-- Installing: /root/ros2_RSSI_Heatmap/install/nav2_read_rssi_at_waypoint/share/ament_index/resource_index/parent_prefix_path/nav2_read_rssi_at_waypoint\n'}
[16.772873] (nav2_read_rssi_at_waypoint) StdoutLine: {'line': b'-- Installing: /root/ros2_RSSI_Heatmap/install/nav2_read_rssi_at_waypoint/share/nav2_read_rssi_at_waypoint/environment/ament_prefix_path.sh\n'}
[16.772899] (nav2_read_rssi_at_waypoint) StdoutLine: {'line': b'-- Installing: /root/ros2_RSSI_Heatmap/install/nav2_read_rssi_at_waypoint/share/nav2_read_rssi_at_waypoint/environment/ament_prefix_path.dsv\n'}
[16.772923] (nav2_read_rssi_at_waypoint) StdoutLine: {'line': b'-- Installing: /root/ros2_RSSI_Heatmap/install/nav2_read_rssi_at_waypoint/share/nav2_read_rssi_at_waypoint/environment/path.sh\n'}
[16.772948] (nav2_read_rssi_at_waypoint) StdoutLine: {'line': b'-- Installing: /root/ros2_RSSI_Heatmap/install/nav2_read_rssi_at_waypoint/share/nav2_read_rssi_at_waypoint/environment/path.dsv\n'}
[16.772973] (nav2_read_rssi_at_waypoint) StdoutLine: {'line': b'-- Installing: /root/ros2_RSSI_Heatmap/install/nav2_read_rssi_at_waypoint/share/nav2_read_rssi_at_waypoint/local_setup.bash\n'}
[16.773000] (nav2_read_rssi_at_waypoint) StdoutLine: {'line': b'-- Installing: /root/ros2_RSSI_Heatmap/install/nav2_read_rssi_at_waypoint/share/nav2_read_rssi_at_waypoint/local_setup.sh\n'}
[16.773024] (nav2_read_rssi_at_waypoint) StdoutLine: {'line': b'-- Installing: /root/ros2_RSSI_Heatmap/install/nav2_read_rssi_at_waypoint/share/nav2_read_rssi_at_waypoint/local_setup.zsh\n'}
[16.773057] (nav2_read_rssi_at_waypoint) StdoutLine: {'line': b'-- Installing: /root/ros2_RSSI_Heatmap/install/nav2_read_rssi_at_waypoint/share/nav2_read_rssi_at_waypoint/local_setup.dsv\n'}
[16.773090] (nav2_read_rssi_at_waypoint) StdoutLine: {'line': b'-- Installing: /root/ros2_RSSI_Heatmap/install/nav2_read_rssi_at_waypoint/share/nav2_read_rssi_at_waypoint/package.dsv\n'}
[16.773120] (nav2_read_rssi_at_waypoint) StdoutLine: {'line': b'-- Installing: /root/ros2_RSSI_Heatmap/install/nav2_read_rssi_at_waypoint/share/ament_index/resource_index/packages/nav2_read_rssi_at_waypoint\n'}
[16.773153] (nav2_read_rssi_at_waypoint) StdoutLine: {'line': b'-- Installing: /root/ros2_RSSI_Heatmap/install/nav2_read_rssi_at_waypoint/share/ament_index/resource_index/nav2_waypoint_follower__pluginlib__plugin/nav2_read_rssi_at_waypoint\n'}
[16.773189] (nav2_read_rssi_at_waypoint) StdoutLine: {'line': b'-- Installing: /root/ros2_RSSI_Heatmap/install/nav2_read_rssi_at_waypoint/share/nav2_read_rssi_at_waypoint/cmake/ament_cmake_export_include_directories-extras.cmake\n'}
[16.773220] (nav2_read_rssi_at_waypoint) StdoutLine: {'line': b'-- Installing: /root/ros2_RSSI_Heatmap/install/nav2_read_rssi_at_waypoint/share/nav2_read_rssi_at_waypoint/cmake/ament_cmake_export_libraries-extras.cmake\n'}
[16.773253] (nav2_read_rssi_at_waypoint) StdoutLine: {'line': b'-- Installing: /root/ros2_RSSI_Heatmap/install/nav2_read_rssi_at_waypoint/share/nav2_read_rssi_at_waypoint/cmake/ament_cmake_export_dependencies-extras.cmake\n'}
[16.773286] (nav2_read_rssi_at_waypoint) StdoutLine: {'line': b'-- Installing: /root/ros2_RSSI_Heatmap/install/nav2_read_rssi_at_waypoint/share/nav2_read_rssi_at_waypoint/cmake/nav2_read_rssi_at_waypointConfig.cmake\n'}
[16.773317] (nav2_read_rssi_at_waypoint) StdoutLine: {'line': b'-- Installing: /root/ros2_RSSI_Heatmap/install/nav2_read_rssi_at_waypoint/share/nav2_read_rssi_at_waypoint/cmake/nav2_read_rssi_at_waypointConfig-version.cmake\n'}
[16.773350] (nav2_read_rssi_at_waypoint) StdoutLine: {'line': b'-- Installing: /root/ros2_RSSI_Heatmap/install/nav2_read_rssi_at_waypoint/share/nav2_read_rssi_at_waypoint/package.xml\n'}
[16.774030] (nav2_read_rssi_at_waypoint) CommandEnded: {'returncode': 0}
[16.789880] (nav2_read_rssi_at_waypoint) JobEnded: {'identifier': 'nav2_read_rssi_at_waypoint', 'rc': 0}
[16.790105] (mappers_bringup) JobStarted: {'identifier': 'mappers_bringup'}
[16.799868] (mappers_bringup) JobProgress: {'identifier': 'mappers_bringup', 'progress': 'cmake'}
[16.801184] (mappers_bringup) Command: {'cmd': ['/usr/bin/cmake', '/root/ros2_RSSI_Heatmap/src/mappers_bringup', '-DCMAKE_INSTALL_PREFIX=/root/ros2_RSSI_Heatmap/install/mappers_bringup'], 'cwd': '/root/ros2_RSSI_Heatmap/build/mappers_bringup', 'env': OrderedDict({'TMUX': '/tmp/tmux-0/default,1712,0', 'GZ_SIM_RESOURCE_PATH': '/opt/ros/jazzy/share', 'GZ_CONFIG_PATH': '/opt/ros/jazzy/opt/gz_sim_vendor/share/gz:/opt/ros/jazzy/opt/sdformat_vendor/share/gz:/opt/ros/jazzy/opt/gz_gui_vendor/share/gz:/opt/ros/jazzy/opt/gz_transport_vendor/share/gz:/opt/ros/jazzy/opt/gz_rendering_vendor/share/gz:/opt/ros/jazzy/opt/gz_plugin_vendor/share/gz:/opt/ros/jazzy/opt/gz_fuel_tools_vendor/share/gz:/opt/ros/jazzy/opt/gz_msgs_vendor/share/gz:/opt/ros/jazzy/opt/gz_common_vendor/share/gz', 'HOSTNAME': 'denver', 'SHLVL': '2', 'LD_LIBRARY_PATH': '/root/ros2_RSSI_Heatmap/install/nav2_read_rssi_at_waypoint/lib:/root/ros2_RSSI_Heatmap/install/rosbot_interfaces/lib:/opt/ros/jazzy/opt/gz_sim_vendor/lib:/opt/ros/jazzy/opt/gz_sensors_vendor/lib:/opt/ros/jazzy/opt/gz_physics_vendor/lib:/opt/ros/jazzy/opt/sdformat_vendor/lib:/opt/ros/jazzy/opt/rviz_ogre_vendor/lib:/opt/ros/jazzy/lib/x86_64-linux-gnu:/opt/ros/jazzy/opt/gz_gui_vendor/lib:/opt/ros/jazzy/opt/gz_transport_vendor/lib:/opt/ros/jazzy/opt/gz_rendering_vendor/lib:/opt/ros/jazzy/opt/gz_plugin_vendor/lib:/opt/ros/jazzy/opt/gz_fuel_tools_vendor/lib:/opt/ros/jazzy/opt/gz_msgs_vendor/lib:/opt/ros/jazzy/opt/gz_common_vendor/lib:/opt/ros/jazzy/opt/gz_math_vendor/lib:/opt/ros/jazzy/opt/gz_utils_vendor/lib:/opt/ros/jazzy/opt/gz_tools_vendor/lib:/opt/ros/jazzy/opt/gz_ogre_next_vendor/lib:/opt/ros/jazzy/opt/gz_dartsim_vendor/lib:/opt/ros/jazzy/opt/gz_cmake_vendor/lib:/opt/ros/jazzy/lib', 'HOME': '/root', 'OLDPWD': '/root', 'TERM_PROGRAM_VERSION': '3.4', 'ROS_PYTHON_VERSION': '3', 'COLCON_PREFIX_PATH': '/root/turtlebot3_ws/install', 'ROS_DISTRO': 'jazzy', '_': '/usr/bin/colcon', 'ROS_VERSION': '2', 'TERM': 'screen-256color', 'PATH': '/opt/ros/jazzy/opt/gz_msgs_vendor/bin:/opt/ros/jazzy/opt/gz_tools_vendor/bin:/opt/ros/jazzy/opt/gz_ogre_next_vendor/bin:/opt/ros/jazzy/bin:/usr/local/sbin:/usr/local/bin:/usr/sbin:/usr/bin:/sbin:/bin', 'GZ_PARTITION': 'signalscout_container', 'DISPLAY': ':1', 'LANG': 'C.UTF-8', 'LS_COLORS': 'rs=0:di=01;34:ln=01;36:mh=00:pi=40;33:so=01;35:do=01;35:bd=40;33;01:cd=40;33;01:or=40;31;01:mi=00:su=37;41:sg=30;43:ca=00:tw=30;42:ow=34;42:st=37;44:ex=01;32:*.tar=01;31:*.tgz=01;31:*.arc=01;31:*.arj=01;31:*.taz=01;31:*.lha=01;31:*.lz4=01;31:*.lzh=01;31:*.lzma=01;31:*.tlz=01;31:*.txz=01;31:*.tzo=01;31:*.t7z=01;31:*.zip=01;31:*.z=01;31:*.dz=01;31:*.gz=01;31:*.lrz=01;31:*.lz=01;31:*.lzo=01;31:*.xz=01;31:*.zst=01;31:*.tzst=01;31:*.bz2=01;31:*.bz=01;31:*.tbz=01;31:*.tbz2=01;31:*.tz=01;31:*.deb=01;31:*.rpm=01;31:*.jar=01;31:*.war=01;31:*.ear=01;31:*.sar=01;31:*.rar=01;31:*.alz=01;31:*.ace=01;31:*.zoo=01;31:*.cpio=01;31:*.7z=01;31:*.rz=01;31:*.cab=01;31:*.wim=01;31:*.swm=01;31:*.dwm=01;31:*.esd=01;31:*.avif=01;35:*.jpg=01;35:*.jpeg=01;35:*.mjpg=01;35:*.mjpeg=01;35:*.gif=01;35:*.bmp=01;35:*.pbm=01;35:*.pgm=01;35:*.ppm=01;35:*.tga=01;35:*.xbm=01;35:*.xpm=01;35:*.tif=01;35:*.tiff=01;35:*.png=01;35:*.svg=01;35:*.svgz=01;35:*.mng=01;35:*.pcx=01;35:*.mov=01;35:*.mpg=01;35:*.mpeg=01;35:*.m2v=01;35:*.mkv=01;35:*.webm=01;35:*.webp=01;35:*.ogm=01;35:*.mp4=01;35:*.m4v=01;35:*.mp4v=01;35:*.vob=01;35:*.qt=01;35:*.nuv=01;35:*.wmv=01;35:*.asf=01;35:*.rm=01;35:*.rmvb=01;35:*.flc=01;35:*.avi=01;35:*.fli=01;35:*.flv=01;35:*.gl=01;35:*.dl=01;35:*.xcf=01;35:*.xwd=01;35:*.yuv=01;35:*.cgm=01;35:*.emf=01;35:*.ogv=01;35:*.ogx=01;35:*.aac=00;36:*.au=00;36:*.flac=00;36:*.m4a=00;36:*.mid=00;36:*.midi=00;36:*.mka=00;36:*.mp3=00;36:*.mpc=00;36:*.ogg=00;36:*.ra=00;36:*.wav=00;36:*.oga=00;36:*.opus=00;36:*.spx=00;36:*.xspf=00;36:*~=00;90:*#=00;90:*.bak=00;90:*.crdownload=00;90:*.dpkg-dist=00;90:*.dpkg-new=00;90:*.dpkg-old=00;90:*.dpkg-tmp=00;90:*.old=00;90:*.orig=00;90:*.part=00;90:*.rej=00;90:*.rpmnew=00;90:*.rpmorig=00;90:*.rpmsave=00;90:*.swp=00;90:*.tmp=00;90:*.ucf-dist=00;90:*.ucf-new=00;90:*.ucf-old=00;90:', 'TERM_PROGRAM': 'tmux', 'AMENT_PREFIX_PATH': '/root/ros2_RSSI_Heatmap/install/rssi_heatmap_generator_package:/root/ros2_RSSI_Heatmap/install/nav2_read_rssi_at_waypoint:/root/ros2_RSSI_Heatmap/install/waypoint_publisher_package:/root/ros2_RSSI_Heatmap/install/rosbot_interfaces:/root/turtlebot3_ws/install/turtlebot3:/root/turtlebot3_ws/install/turtlebot3_teleop:/root/turtlebot3_ws/install/turtlebot3_simulations:/root/turtlebot3_ws/install/turtlebot3_bringup:/root/turtlebot3_ws/install/turtlebot3_node:/root/turtlebot3_ws/install/turtlebot3_navigation2:/root/turtlebot3_ws/install/turtlebot3_gazebo:/root/turtlebot3_ws/install/turtlebot3_fake_node:/root/turtlebot3_ws/install/turtlebot3_example:/root/turtlebot3_ws/install/turtlebot3_description:/root/turtlebot3_ws/install/turtlebot3_cartographer:/opt/ros/jazzy', 'DEBIAN_FRONTEND': 'noninteractive', 'SHELL': '/bin/bash', 'ROS_AUTOMATIC_DISCOVERY_RANGE': 'SUBNET', 'PWD': '/root/ros2_RSSI_Heatmap/build/mappers_bringup', 'TURTLEBOT3_MODEL': 'waffle', 'LC_ALL': 'C.UTF-8', 'PYTHONPATH': '/root/ros2_RSSI_Heatmap/install/rssi_heatmap_generator_package/lib/python3.12/site-packages:/root/ros2_RSSI_Heatmap/install/waypoint_publisher_package/lib/python3.12/site-packages:/root/ros2_RSSI_Heatmap/install/rosbot_interfaces/lib/python3.12/site-packages:/root/turtlebot3_ws/build/turtlebot3_teleop:/root/turtlebot3_ws/install/turtlebot3_teleop/lib/python3.12/site-packages:/root/turtlebot3_ws/build/turtlebot3_example:/root/turtlebot3_ws/install/turtlebot3_example/lib/python3.12/site-packages:/opt/ros/jazzy/lib/python3.12/site-packages', 'COLCON': '1', 'TMUX_PANE': '%9', 'CMAKE_PREFIX_PATH': '/root/ros2_RSSI_Heatmap/install/nav2_read_rssi_at_waypoint:/root/ros2_RSSI_Heatmap/install/rosbot_interfaces:/root/turtlebot3_ws/install/turtlebot3:/root/turtlebot3_ws/install/turtlebot3_simulations:/root/turtlebot3_ws/install/turtlebot3_bringup:/root/turtlebot3_ws/install/turtlebot3_node:/root/turtlebot3_ws/install/turtlebot3_navigation2:/root/turtlebot3_ws/install/turtlebot3_gazebo:/root/turtlebot3_ws/install/turtlebot3_fake_node:/root/turtlebot3_ws/install/turtlebot3_description:/root/turtlebot3_ws/install/turtlebot3_cartographer:/opt/ros/jazzy/opt/gz_sim_vendor:/opt/ros/jazzy/opt/gz_sensors_vendor:/opt/ros/jazzy/opt/gz_physics_vendor:/opt/ros/jazzy/opt/sdformat_vendor:/opt/ros/jazzy/opt/gz_gui_vendor:/opt/ros/jazzy/opt/gz_transport_vendor:/opt/ros/jazzy/opt/gz_rendering_vendor:/opt/ros/jazzy/opt/gz_plugin_vendor:/opt/ros/jazzy/opt/gz_fuel_tools_vendor:/opt/ros/jazzy/opt/gz_msgs_vendor:/opt/ros/jazzy/opt/gz_common_vendor:/opt/ros/jazzy/opt/gz_math_vendor:/opt/ros/jazzy/opt/gz_utils_vendor:/opt/ros/jazzy/opt/gz_tools_vendor:/opt/ros/jazzy/opt/gz_ogre_next_vendor:/opt/ros/jazzy/opt/gz_dartsim_vendor:/opt/ros/jazzy/opt/gz_cmake_vendor:/root/turtlebot3_ws/install/turtlebot3_teleop:/root/turtlebot3_ws/install/turtlebot3_example:/opt/ros/jazzy'}), 'shell': False}
[16.804985] (-) TimerEvent: {}
[16.859205] (mappers_bringup) StdoutLine: {'line': b'-- The C compiler identification is GNU 13.3.0\n'}
[16.899822] (mappers_bringup) StdoutLine: {'line': b'-- The CXX compiler identification is GNU 13.3.0\n'}
[16.905632] (-) TimerEvent: {}
[16.915637] (mappers_bringup) StdoutLine: {'line': b'-- Detecting C compiler ABI info\n'}
[16.999109] (mappers_bringup) StdoutLine: {'line': b'-- Detecting C compiler ABI info - done\n'}
[17.004594] (mappers_bringup) StdoutLine: {'line': b'-- Check for working C compiler: /usr/bin/cc - skipped\n'}
[17.004955] (mappers_bringup) StdoutLine: {'line': b'-- Detecting C compile features\n'}
[17.005154] (mappers_bringup) StdoutLine: {'line': b'-- Detecting C compile features - done\n'}
[17.005647] (-) TimerEvent: {}
[17.015681] (mappers_bringup) StdoutLine: {'line': b'-- Detecting CXX compiler ABI info\n'}
[17.105782] (-) TimerEvent: {}
[17.108485] (mappers_bringup) StdoutLine: {'line': b'-- Detecting CXX compiler ABI info - done\n'}
[17.113695] (mappers_bringup) StdoutLine: {'line': b'-- Check for working CXX compiler: /usr/bin/c++ - skipped\n'}
[17.113912] (mappers_bringup) StdoutLine: {'line': b'-- Detecting CXX compile features\n'}
[17.115285] (mappers_bringup) StdoutLine: {'line': b'-- Detecting CXX compile features - done\n'}
[17.119819] (mappers_bringup) StdoutLine: {'line': b'-- Found ament_cmake: 2.5.6 (/opt/ros/jazzy/share/ament_cmake/cmake)\n'}
[17.205932] (-) TimerEvent: {}
[17.269255] (mappers_bringup) StdoutLine: {'line': b'-- Found Python3: /usr/bin/python3 (found version "3.12.3") found components: Interpreter \n'}
[17.306005] (-) TimerEvent: {}
[17.406250] (-) TimerEvent: {}
[17.413584] (mappers_bringup) StdoutLine: {'line': b'-- Found ament_lint_auto: 0.17.5 (/opt/ros/jazzy/share/ament_lint_auto/cmake)\n'}
[17.507684] (-) TimerEvent: {}
[17.547250] (mappers_bringup) StdoutLine: {'line': b"-- Added test 'copyright' to check source files copyright and LICENSE\n"}
[17.548198] (mappers_bringup) StdoutLine: {'line': b"-- Added test 'flake8' to check Python code syntax and style conventions\n"}
[17.548325] (mappers_bringup) StdoutLine: {'line': b"-- Configured 'flake8' exclude dirs and/or files: \n"}
[17.549138] (mappers_bringup) StdoutLine: {'line': b"-- Added test 'lint_cmake' to check CMake code style\n"}
[17.551216] (mappers_bringup) StdoutLine: {'line': b"-- Added test 'pep257' to check Python code against some of the docstring style conventions in PEP 257\n"}
[17.551998] (mappers_bringup) StdoutLine: {'line': b"-- Added test 'xmllint' to check XML markup files\n"}
[17.556440] (mappers_bringup) StdoutLine: {'line': b'-- Configuring done (0.7s)\n'}
[17.558560] (mappers_bringup) StdoutLine: {'line': b'-- Generating done (0.0s)\n'}
[17.561183] (mappers_bringup) StdoutLine: {'line': b'-- Build files have been written to: /root/ros2_RSSI_Heatmap/build/mappers_bringup\n'}
[17.564679] (mappers_bringup) CommandEnded: {'returncode': 0}
[17.564930] (mappers_bringup) JobProgress: {'identifier': 'mappers_bringup', 'progress': 'build'}
[17.565009] (mappers_bringup) Command: {'cmd': ['/usr/bin/cmake', '--build', '/root/ros2_RSSI_Heatmap/build/mappers_bringup', '--', '-j16', '-l16'], 'cwd': '/root/ros2_RSSI_Heatmap/build/mappers_bringup', 'env': OrderedDict({'TMUX': '/tmp/tmux-0/default,1712,0', 'GZ_SIM_RESOURCE_PATH': '/opt/ros/jazzy/share', 'GZ_CONFIG_PATH': '/opt/ros/jazzy/opt/gz_sim_vendor/share/gz:/opt/ros/jazzy/opt/sdformat_vendor/share/gz:/opt/ros/jazzy/opt/gz_gui_vendor/share/gz:/opt/ros/jazzy/opt/gz_transport_vendor/share/gz:/opt/ros/jazzy/opt/gz_rendering_vendor/share/gz:/opt/ros/jazzy/opt/gz_plugin_vendor/share/gz:/opt/ros/jazzy/opt/gz_fuel_tools_vendor/share/gz:/opt/ros/jazzy/opt/gz_msgs_vendor/share/gz:/opt/ros/jazzy/opt/gz_common_vendor/share/gz', 'HOSTNAME': 'denver', 'SHLVL': '2', 'LD_LIBRARY_PATH': '/root/ros2_RSSI_Heatmap/install/nav2_read_rssi_at_waypoint/lib:/root/ros2_RSSI_Heatmap/install/rosbot_interfaces/lib:/opt/ros/jazzy/opt/gz_sim_vendor/lib:/opt/ros/jazzy/opt/gz_sensors_vendor/lib:/opt/ros/jazzy/opt/gz_physics_vendor/lib:/opt/ros/jazzy/opt/sdformat_vendor/lib:/opt/ros/jazzy/opt/rviz_ogre_vendor/lib:/opt/ros/jazzy/lib/x86_64-linux-gnu:/opt/ros/jazzy/opt/gz_gui_vendor/lib:/opt/ros/jazzy/opt/gz_transport_vendor/lib:/opt/ros/jazzy/opt/gz_rendering_vendor/lib:/opt/ros/jazzy/opt/gz_plugin_vendor/lib:/opt/ros/jazzy/opt/gz_fuel_tools_vendor/lib:/opt/ros/jazzy/opt/gz_msgs_vendor/lib:/opt/ros/jazzy/opt/gz_common_vendor/lib:/opt/ros/jazzy/opt/gz_math_vendor/lib:/opt/ros/jazzy/opt/gz_utils_vendor/lib:/opt/ros/jazzy/opt/gz_tools_vendor/lib:/opt/ros/jazzy/opt/gz_ogre_next_vendor/lib:/opt/ros/jazzy/opt/gz_dartsim_vendor/lib:/opt/ros/jazzy/opt/gz_cmake_vendor/lib:/opt/ros/jazzy/lib', 'HOME': '/root', 'OLDPWD': '/root', 'TERM_PROGRAM_VERSION': '3.4', 'ROS_PYTHON_VERSION': '3', 'COLCON_PREFIX_PATH': '/root/turtlebot3_ws/install', 'ROS_DISTRO': 'jazzy', '_': '/usr/bin/colcon', 'ROS_VERSION': '2', 'TERM': 'screen-256color', 'PATH': '/opt/ros/jazzy/opt/gz_msgs_vendor/bin:/opt/ros/jazzy/opt/gz_tools_vendor/bin:/opt/ros/jazzy/opt/gz_ogre_next_vendor/bin:/opt/ros/jazzy/bin:/usr/local/sbin:/usr/local/bin:/usr/sbin:/usr/bin:/sbin:/bin', 'GZ_PARTITION': 'signalscout_container', 'DISPLAY': ':1', 'LANG': 'C.UTF-8', 'LS_COLORS': 'rs=0:di=01;34:ln=01;36:mh=00:pi=40;33:so=01;35:do=01;35:bd=40;33;01:cd=40;33;01:or=40;31;01:mi=00:su=37;41:sg=30;43:ca=00:tw=30;42:ow=34;42:st=37;44:ex=01;32:*.tar=01;31:*.tgz=01;31:*.arc=01;31:*.arj=01;31:*.taz=01;31:*.lha=01;31:*.lz4=01;31:*.lzh=01;31:*.lzma=01;31:*.tlz=01;31:*.txz=01;31:*.tzo=01;31:*.t7z=01;31:*.zip=01;31:*.z=01;31:*.dz=01;31:*.gz=01;31:*.lrz=01;31:*.lz=01;31:*.lzo=01;31:*.xz=01;31:*.zst=01;31:*.tzst=01;31:*.bz2=01;31:*.bz=01;31:*.tbz=01;31:*.tbz2=01;31:*.tz=01;31:*.deb=01;31:*.rpm=01;31:*.jar=01;31:*.war=01;31:*.ear=01;31:*.sar=01;31:*.rar=01;31:*.alz=01;31:*.ace=01;31:*.zoo=01;31:*.cpio=01;31:*.7z=01;31:*.rz=01;31:*.cab=01;31:*.wim=01;31:*.swm=01;31:*.dwm=01;31:*.esd=01;31:*.avif=01;35:*.jpg=01;35:*.jpeg=01;35:*.mjpg=01;35:*.mjpeg=01;35:*.gif=01;35:*.bmp=01;35:*.pbm=01;35:*.pgm=01;35:*.ppm=01;35:*.tga=01;35:*.xbm=01;35:*.xpm=01;35:*.tif=01;35:*.tiff=01;35:*.png=01;35:*.svg=01;35:*.svgz=01;35:*.mng=01;35:*.pcx=01;35:*.mov=01;35:*.mpg=01;35:*.mpeg=01;35:*.m2v=01;35:*.mkv=01;35:*.webm=01;35:*.webp=01;35:*.ogm=01;35:*.mp4=01;35:*.m4v=01;35:*.mp4v=01;35:*.vob=01;35:*.qt=01;35:*.nuv=01;35:*.wmv=01;35:*.asf=01;35:*.rm=01;35:*.rmvb=01;35:*.flc=01;35:*.avi=01;35:*.fli=01;35:*.flv=01;35:*.gl=01;35:*.dl=01;35:*.xcf=01;35:*.xwd=01;35:*.yuv=01;35:*.cgm=01;35:*.emf=01;35:*.ogv=01;35:*.ogx=01;35:*.aac=00;36:*.au=00;36:*.flac=00;36:*.m4a=00;36:*.mid=00;36:*.midi=00;36:*.mka=00;36:*.mp3=00;36:*.mpc=00;36:*.ogg=00;36:*.ra=00;36:*.wav=00;36:*.oga=00;36:*.opus=00;36:*.spx=00;36:*.xspf=00;36:*~=00;90:*#=00;90:*.bak=00;90:*.crdownload=00;90:*.dpkg-dist=00;90:*.dpkg-new=00;90:*.dpkg-old=00;90:*.dpkg-tmp=00;90:*.old=00;90:*.orig=00;90:*.part=00;90:*.rej=00;90:*.rpmnew=00;90:*.rpmorig=00;90:*.rpmsave=00;90:*.swp=00;90:*.tmp=00;90:*.ucf-dist=00;90:*.ucf-new=00;90:*.ucf-old=00;90:', 'TERM_PROGRAM': 'tmux', 'AMENT_PREFIX_PATH': '/root/ros2_RSSI_Heatmap/install/rssi_heatmap_generator_package:/root/ros2_RSSI_Heatmap/install/nav2_read_rssi_at_waypoint:/root/ros2_RSSI_Heatmap/install/waypoint_publisher_package:/root/ros2_RSSI_Heatmap/install/rosbot_interfaces:/root/turtlebot3_ws/install/turtlebot3:/root/turtlebot3_ws/install/turtlebot3_teleop:/root/turtlebot3_ws/install/turtlebot3_simulations:/root/turtlebot3_ws/install/turtlebot3_bringup:/root/turtlebot3_ws/install/turtlebot3_node:/root/turtlebot3_ws/install/turtlebot3_navigation2:/root/turtlebot3_ws/install/turtlebot3_gazebo:/root/turtlebot3_ws/install/turtlebot3_fake_node:/root/turtlebot3_ws/install/turtlebot3_example:/root/turtlebot3_ws/install/turtlebot3_description:/root/turtlebot3_ws/install/turtlebot3_cartographer:/opt/ros/jazzy', 'DEBIAN_FRONTEND': 'noninteractive', 'SHELL': '/bin/bash', 'ROS_AUTOMATIC_DISCOVERY_RANGE': 'SUBNET', 'PWD': '/root/ros2_RSSI_Heatmap/build/mappers_bringup', 'TURTLEBOT3_MODEL': 'waffle', 'LC_ALL': 'C.UTF-8', 'PYTHONPATH': '/root/ros2_RSSI_Heatmap/install/rssi_heatmap_generator_package/lib/python3.12/site-packages:/root/ros2_RSSI_Heatmap/install/waypoint_publisher_package/lib/python3.12/site-packages:/root/ros2_RSSI_Heatmap/install/rosbot_interfaces/lib/python3.12/site-packages:/root/turtlebot3_ws/build/turtlebot3_teleop:/root/turtlebot3_ws/install/turtlebot3_teleop/lib/python3.12/site-packages:/root/turtlebot3_ws/build/turtlebot3_example:/root/turtlebot3_ws/install/turtlebot3_example/lib/python3.12/site-packages:/opt/ros/jazzy/lib/python3.12/site-packages', 'COLCON': '1', 'TMUX_PANE': '%9', 'CMAKE_PREFIX_PATH': '/root/ros2_RSSI_Heatmap/install/nav2_read_rssi_at_waypoint:/root/ros2_RSSI_Heatmap/install/rosbot_interfaces:/root/turtlebot3_ws/install/turtlebot3:/root/turtlebot3_ws/install/turtlebot3_simulations:/root/turtlebot3_ws/install/turtlebot3_bringup:/root/turtlebot3_ws/install/turtlebot3_node:/root/turtlebot3_ws/install/turtlebot3_navigation2:/root/turtlebot3_ws/install/turtlebot3_gazebo:/root/turtlebot3_ws/install/turtlebot3_fake_node:/root/turtlebot3_ws/install/turtlebot3_description:/root/turtlebot3_ws/install/turtlebot3_cartographer:/opt/ros/jazzy/opt/gz_sim_vendor:/opt/ros/jazzy/opt/gz_sensors_vendor:/opt/ros/jazzy/opt/gz_physics_vendor:/opt/ros/jazzy/opt/sdformat_vendor:/opt/ros/jazzy/opt/gz_gui_vendor:/opt/ros/jazzy/opt/gz_transport_vendor:/opt/ros/jazzy/opt/gz_rendering_vendor:/opt/ros/jazzy/opt/gz_plugin_vendor:/opt/ros/jazzy/opt/gz_fuel_tools_vendor:/opt/ros/jazzy/opt/gz_msgs_vendor:/opt/ros/jazzy/opt/gz_common_vendor:/opt/ros/jazzy/opt/gz_math_vendor:/opt/ros/jazzy/opt/gz_utils_vendor:/opt/ros/jazzy/opt/gz_tools_vendor:/opt/ros/jazzy/opt/gz_ogre_next_vendor:/opt/ros/jazzy/opt/gz_dartsim_vendor:/opt/ros/jazzy/opt/gz_cmake_vendor:/root/turtlebot3_ws/install/turtlebot3_teleop:/root/turtlebot3_ws/install/turtlebot3_example:/opt/ros/jazzy'}), 'shell': False}
[17.607502] (mappers_bringup) CommandEnded: {'returncode': 0}
[17.608156] (-) TimerEvent: {}
[17.609116] (mappers_bringup) JobProgress: {'identifier': 'mappers_bringup', 'progress': 'install'}
[17.609917] (mappers_bringup) Command: {'cmd': ['/usr/bin/cmake', '--install', '/root/ros2_RSSI_Heatmap/build/mappers_bringup'], 'cwd': '/root/ros2_RSSI_Heatmap/build/mappers_bringup', 'env': OrderedDict({'TMUX': '/tmp/tmux-0/default,1712,0', 'GZ_SIM_RESOURCE_PATH': '/opt/ros/jazzy/share', 'GZ_CONFIG_PATH': '/opt/ros/jazzy/opt/gz_sim_vendor/share/gz:/opt/ros/jazzy/opt/sdformat_vendor/share/gz:/opt/ros/jazzy/opt/gz_gui_vendor/share/gz:/opt/ros/jazzy/opt/gz_transport_vendor/share/gz:/opt/ros/jazzy/opt/gz_rendering_vendor/share/gz:/opt/ros/jazzy/opt/gz_plugin_vendor/share/gz:/opt/ros/jazzy/opt/gz_fuel_tools_vendor/share/gz:/opt/ros/jazzy/opt/gz_msgs_vendor/share/gz:/opt/ros/jazzy/opt/gz_common_vendor/share/gz', 'HOSTNAME': 'denver', 'SHLVL': '2', 'LD_LIBRARY_PATH': '/root/ros2_RSSI_Heatmap/install/nav2_read_rssi_at_waypoint/lib:/root/ros2_RSSI_Heatmap/install/rosbot_interfaces/lib:/opt/ros/jazzy/opt/gz_sim_vendor/lib:/opt/ros/jazzy/opt/gz_sensors_vendor/lib:/opt/ros/jazzy/opt/gz_physics_vendor/lib:/opt/ros/jazzy/opt/sdformat_vendor/lib:/opt/ros/jazzy/opt/rviz_ogre_vendor/lib:/opt/ros/jazzy/lib/x86_64-linux-gnu:/opt/ros/jazzy/opt/gz_gui_vendor/lib:/opt/ros/jazzy/opt/gz_transport_vendor/lib:/opt/ros/jazzy/opt/gz_rendering_vendor/lib:/opt/ros/jazzy/opt/gz_plugin_vendor/lib:/opt/ros/jazzy/opt/gz_fuel_tools_vendor/lib:/opt/ros/jazzy/opt/gz_msgs_vendor/lib:/opt/ros/jazzy/opt/gz_common_vendor/lib:/opt/ros/jazzy/opt/gz_math_vendor/lib:/opt/ros/jazzy/opt/gz_utils_vendor/lib:/opt/ros/jazzy/opt/gz_tools_vendor/lib:/opt/ros/jazzy/opt/gz_ogre_next_vendor/lib:/opt/ros/jazzy/opt/gz_dartsim_vendor/lib:/opt/ros/jazzy/opt/gz_cmake_vendor/lib:/opt/ros/jazzy/lib', 'HOME': '/root', 'OLDPWD': '/root', 'TERM_PROGRAM_VERSION': '3.4', 'ROS_PYTHON_VERSION': '3', 'COLCON_PREFIX_PATH': '/root/turtlebot3_ws/install', 'ROS_DISTRO': 'jazzy', '_': '/usr/bin/colcon', 'ROS_VERSION': '2', 'TERM': 'screen-256color', 'PATH': '/opt/ros/jazzy/opt/gz_msgs_vendor/bin:/opt/ros/jazzy/opt/gz_tools_vendor/bin:/opt/ros/jazzy/opt/gz_ogre_next_vendor/bin:/opt/ros/jazzy/bin:/usr/local/sbin:/usr/local/bin:/usr/sbin:/usr/bin:/sbin:/bin', 'GZ_PARTITION': 'signalscout_container', 'DISPLAY': ':1', 'LANG': 'C.UTF-8', 'LS_COLORS': 'rs=0:di=01;34:ln=01;36:mh=00:pi=40;33:so=01;35:do=01;35:bd=40;33;01:cd=40;33;01:or=40;31;01:mi=00:su=37;41:sg=30;43:ca=00:tw=30;42:ow=34;42:st=37;44:ex=01;32:*.tar=01;31:*.tgz=01;31:*.arc=01;31:*.arj=01;31:*.taz=01;31:*.lha=01;31:*.lz4=01;31:*.lzh=01;31:*.lzma=01;31:*.tlz=01;31:*.txz=01;31:*.tzo=01;31:*.t7z=01;31:*.zip=01;31:*.z=01;31:*.dz=01;31:*.gz=01;31:*.lrz=01;31:*.lz=01;31:*.lzo=01;31:*.xz=01;31:*.zst=01;31:*.tzst=01;31:*.bz2=01;31:*.bz=01;31:*.tbz=01;31:*.tbz2=01;31:*.tz=01;31:*.deb=01;31:*.rpm=01;31:*.jar=01;31:*.war=01;31:*.ear=01;31:*.sar=01;31:*.rar=01;31:*.alz=01;31:*.ace=01;31:*.zoo=01;31:*.cpio=01;31:*.7z=01;31:*.rz=01;31:*.cab=01;31:*.wim=01;31:*.swm=01;31:*.dwm=01;31:*.esd=01;31:*.avif=01;35:*.jpg=01;35:*.jpeg=01;35:*.mjpg=01;35:*.mjpeg=01;35:*.gif=01;35:*.bmp=01;35:*.pbm=01;35:*.pgm=01;35:*.ppm=01;35:*.tga=01;35:*.xbm=01;35:*.xpm=01;35:*.tif=01;35:*.tiff=01;35:*.png=01;35:*.svg=01;35:*.svgz=01;35:*.mng=01;35:*.pcx=01;35:*.mov=01;35:*.mpg=01;35:*.mpeg=01;35:*.m2v=01;35:*.mkv=01;35:*.webm=01;35:*.webp=01;35:*.ogm=01;35:*.mp4=01;35:*.m4v=01;35:*.mp4v=01;35:*.vob=01;35:*.qt=01;35:*.nuv=01;35:*.wmv=01;35:*.asf=01;35:*.rm=01;35:*.rmvb=01;35:*.flc=01;35:*.avi=01;35:*.fli=01;35:*.flv=01;35:*.gl=01;35:*.dl=01;35:*.xcf=01;35:*.xwd=01;35:*.yuv=01;35:*.cgm=01;35:*.emf=01;35:*.ogv=01;35:*.ogx=01;35:*.aac=00;36:*.au=00;36:*.flac=00;36:*.m4a=00;36:*.mid=00;36:*.midi=00;36:*.mka=00;36:*.mp3=00;36:*.mpc=00;36:*.ogg=00;36:*.ra=00;36:*.wav=00;36:*.oga=00;36:*.opus=00;36:*.spx=00;36:*.xspf=00;36:*~=00;90:*#=00;90:*.bak=00;90:*.crdownload=00;90:*.dpkg-dist=00;90:*.dpkg-new=00;90:*.dpkg-old=00;90:*.dpkg-tmp=00;90:*.old=00;90:*.orig=00;90:*.part=00;90:*.rej=00;90:*.rpmnew=00;90:*.rpmorig=00;90:*.rpmsave=00;90:*.swp=00;90:*.tmp=00;90:*.ucf-dist=00;90:*.ucf-new=00;90:*.ucf-old=00;90:', 'TERM_PROGRAM': 'tmux', 'AMENT_PREFIX_PATH': '/root/ros2_RSSI_Heatmap/install/rssi_heatmap_generator_package:/root/ros2_RSSI_Heatmap/install/nav2_read_rssi_at_waypoint:/root/ros2_RSSI_Heatmap/install/waypoint_publisher_package:/root/ros2_RSSI_Heatmap/install/rosbot_interfaces:/root/turtlebot3_ws/install/turtlebot3:/root/turtlebot3_ws/install/turtlebot3_teleop:/root/turtlebot3_ws/install/turtlebot3_simulations:/root/turtlebot3_ws/install/turtlebot3_bringup:/root/turtlebot3_ws/install/turtlebot3_node:/root/turtlebot3_ws/install/turtlebot3_navigation2:/root/turtlebot3_ws/install/turtlebot3_gazebo:/root/turtlebot3_ws/install/turtlebot3_fake_node:/root/turtlebot3_ws/install/turtlebot3_example:/root/turtlebot3_ws/install/turtlebot3_description:/root/turtlebot3_ws/install/turtlebot3_cartographer:/opt/ros/jazzy', 'DEBIAN_FRONTEND': 'noninteractive', 'SHELL': '/bin/bash', 'ROS_AUTOMATIC_DISCOVERY_RANGE': 'SUBNET', 'PWD': '/root/ros2_RSSI_Heatmap/build/mappers_bringup', 'TURTLEBOT3_MODEL': 'waffle', 'LC_ALL': 'C.UTF-8', 'PYTHONPATH': '/root/ros2_RSSI_Heatmap/install/rssi_heatmap_generator_package/lib/python3.12/site-packages:/root/ros2_RSSI_Heatmap/install/waypoint_publisher_package/lib/python3.12/site-packages:/root/ros2_RSSI_Heatmap/install/rosbot_interfaces/lib/python3.12/site-packages:/root/turtlebot3_ws/build/turtlebot3_teleop:/root/turtlebot3_ws/install/turtlebot3_teleop/lib/python3.12/site-packages:/root/turtlebot3_ws/build/turtlebot3_example:/root/turtlebot3_ws/install/turtlebot3_example/lib/python3.12/site-packages:/opt/ros/jazzy/lib/python3.12/site-packages', 'COLCON': '1', 'TMUX_PANE': '%9', 'CMAKE_PREFIX_PATH': '/root/ros2_RSSI_Heatmap/install/nav2_read_rssi_at_waypoint:/root/ros2_RSSI_Heatmap/install/rosbot_interfaces:/root/turtlebot3_ws/install/turtlebot3:/root/turtlebot3_ws/install/turtlebot3_simulations:/root/turtlebot3_ws/install/turtlebot3_bringup:/root/turtlebot3_ws/install/turtlebot3_node:/root/turtlebot3_ws/install/turtlebot3_navigation2:/root/turtlebot3_ws/install/turtlebot3_gazebo:/root/turtlebot3_ws/install/turtlebot3_fake_node:/root/turtlebot3_ws/install/turtlebot3_description:/root/turtlebot3_ws/install/turtlebot3_cartographer:/opt/ros/jazzy/opt/gz_sim_vendor:/opt/ros/jazzy/opt/gz_sensors_vendor:/opt/ros/jazzy/opt/gz_physics_vendor:/opt/ros/jazzy/opt/sdformat_vendor:/opt/ros/jazzy/opt/gz_gui_vendor:/opt/ros/jazzy/opt/gz_transport_vendor:/opt/ros/jazzy/opt/gz_rendering_vendor:/opt/ros/jazzy/opt/gz_plugin_vendor:/opt/ros/jazzy/opt/gz_fuel_tools_vendor:/opt/ros/jazzy/opt/gz_msgs_vendor:/opt/ros/jazzy/opt/gz_common_vendor:/opt/ros/jazzy/opt/gz_math_vendor:/opt/ros/jazzy/opt/gz_utils_vendor:/opt/ros/jazzy/opt/gz_tools_vendor:/opt/ros/jazzy/opt/gz_ogre_next_vendor:/opt/ros/jazzy/opt/gz_dartsim_vendor:/opt/ros/jazzy/opt/gz_cmake_vendor:/root/turtlebot3_ws/install/turtlebot3_teleop:/root/turtlebot3_ws/install/turtlebot3_example:/opt/ros/jazzy'}), 'shell': False}
[17.621461] (mappers_bringup) StdoutLine: {'line': b'-- Install configuration: ""\n'}
[17.621633] (mappers_bringup) StdoutLine: {'line': b'-- Installing: /root/ros2_RSSI_Heatmap/install/mappers_bringup/share/mappers_bringup/launch\n'}
[17.621729] (mappers_bringup) StdoutLine: {'line': b'-- Installing: /root/ros2_RSSI_Heatmap/install/mappers_bringup/share/mappers_bringup/launch/sim_nav2_localization.launch.py\n'}
[17.621771] (mappers_bringup) StdoutLine: {'line': b'-- Installing: /root/ros2_RSSI_Heatmap/install/mappers_bringup/share/mappers_bringup/launch/sim_nav2_slam.launch.py\n'}
[17.621881] (mappers_bringup) StdoutLine: {'line': b'-- Installing: /root/ros2_RSSI_Heatmap/install/mappers_bringup/share/mappers_bringup/launch/mappers.launch.py\n'}
[17.623108] (mappers_bringup) StdoutLine: {'line': b'-- Installing: /root/ros2_RSSI_Heatmap/install/mappers_bringup/share/mappers_bringup/config\n'}
[17.623177] (mappers_bringup) StdoutLine: {'line': b'-- Installing: /root/ros2_RSSI_Heatmap/install/mappers_bringup/share/mappers_bringup/config/nav2_params.yaml\n'}
[17.623346] (mappers_bringup) StdoutLine: {'line': b'-- Installing: /root/ros2_RSSI_Heatmap/install/mappers_bringup/share/mappers_bringup/config/slam_params.yaml\n'}
[17.623548] (mappers_bringup) StdoutLine: {'line': b'-- Installing: /root/ros2_RSSI_Heatmap/install/mappers_bringup/share/ament_index/resource_index/package_run_dependencies/mappers_bringup\n'}
[17.623603] (mappers_bringup) StdoutLine: {'line': b'-- Installing: /root/ros2_RSSI_Heatmap/install/mappers_bringup/share/ament_index/resource_index/parent_prefix_path/mappers_bringup\n'}
[17.626586] (mappers_bringup) StdoutLine: {'line': b'-- Installing: /root/ros2_RSSI_Heatmap/install/mappers_bringup/share/mappers_bringup/environment/ament_prefix_path.sh\n'}
[17.626656] (mappers_bringup) StdoutLine: {'line': b'-- Installing: /root/ros2_RSSI_Heatmap/install/mappers_bringup/share/mappers_bringup/environment/ament_prefix_path.dsv\n'}
[17.626692] (mappers_bringup) StdoutLine: {'line': b'-- Installing: /root/ros2_RSSI_Heatmap/install/mappers_bringup/share/mappers_bringup/environment/path.sh\n'}
[17.626727] (mappers_bringup) StdoutLine: {'line': b'-- Installing: /root/ros2_RSSI_Heatmap/install/mappers_bringup/share/mappers_bringup/environment/path.dsv\n'}
[17.626761] (mappers_bringup) StdoutLine: {'line': b'-- Installing: /root/ros2_RSSI_Heatmap/install/mappers_bringup/share/mappers_bringup/local_setup.bash\n'}
[17.626794] (mappers_bringup) StdoutLine: {'line': b'-- Installing: /root/ros2_RSSI_Heatmap/install/mappers_bringup/share/mappers_bringup/local_setup.sh\n'}
[17.626829] (mappers_bringup) StdoutLine: {'line': b'-- Installing: /root/ros2_RSSI_Heatmap/install/mappers_bringup/share/mappers_bringup/local_setup.zsh\n'}
[17.626862] (mappers_bringup) StdoutLine: {'line': b'-- Installing: /root/ros2_RSSI_Heatmap/install/mappers_bringup/share/mappers_bringup/local_setup.dsv\n'}
[17.626900] (mappers_bringup) StdoutLine: {'line': b'-- Installing: /root/ros2_RSSI_Heatmap/install/mappers_bringup/share/mappers_bringup/package.dsv\n'}
[17.626932] (mappers_bringup) StdoutLine: {'line': b'-- Installing: /root/ros2_RSSI_Heatmap/install/mappers_bringup/share/ament_index/resource_index/packages/mappers_bringup\n'}
[17.626963] (mappers_bringup) StdoutLine: {'line': b'-- Installing: /root/ros2_RSSI_Heatmap/install/mappers_bringup/share/mappers_bringup/cmake/mappers_bringupConfig.cmake\n'}
[17.626994] (mappers_bringup) StdoutLine: {'line': b'-- Installing: /root/ros2_RSSI_Heatmap/install/mappers_bringup/share/mappers_bringup/cmake/mappers_bringupConfig-version.cmake\n'}
[17.627025] (mappers_bringup) StdoutLine: {'line': b'-- Installing: /root/ros2_RSSI_Heatmap/install/mappers_bringup/share/mappers_bringup/package.xml\n'}
[17.627935] (mappers_bringup) CommandEnded: {'returncode': 0}
[17.634277] (mappers_bringup) JobEnded: {'identifier': 'mappers_bringup', 'rc': 0}
[17.634706] (-) EventReactorShutdown: {}
